Interval,Transfer,Bandwidth
0.00-1.00,528384.0,4230000.0
1.00-2.00,686080.0,5490000.0
2.00-3.00,60825.6,486000.0
3.00-4.00,0.00,0.00
4.00-5.00,212992.0,1700000.0
5.00-6.00,411648.0,3290000.0
6.00-7.00,275456.0,2200000.0
7.00-8.00,266240.0,2130000.0
8.00-9.00,468992.0,3750000.0
9.00-10.00,108544.0,868000.0
10.00-11.00,0.00,0.00
11.00-12.00,33280.0,267000.0
12.00-13.00,276480.0,2210000.0
13.00-14.00,334848.0,2680000.0
14.00-15.00,371712.0,2980000.0
15.00-16.00,289792.0,2320000.0
16.00-17.00,172032.0,1380000.0
17.00-18.00,0.00,0.00
18.00-19.00,0.00,0.00
19.00-20.00,301056.0,2410000.0
20.00-21.00,447488.0,3580000.0
21.00-22.00,354304.0,2840000.0
22.00-23.00,515072.0,4120000.0
23.00-24.00,209920.0,1680000.0
24.00-25.00,0.00,0.00
25.00-26.00,0.00,0.00
26.00-27.00,250880.0,2009999.9999999998
27.00-28.00,311296.0,2490000.0
28.00-29.00,555008.0,4440000.0
29.00-30.00,388096.0,3100000.0
30.00-31.00,641024.0,5130000.0
31.00-32.00,0.00,0.00
32.00-33.00,0.00,0.00
33.00-34.00,117760.0,939000.0
34.00-35.00,210944.0,1690000.0
35.00-36.00,331776.0,2650000.0
36.00-37.00,405504.0,3240000.0
37.00-38.00,427008.0,3420000.0
38.00-39.00,50688.0,405000.0
39.00-40.00,0.00,0.00
40.00-41.00,70963.2,568000.0
41.00-42.00,350208.0,2800000.0
42.00-43.00,489472.0,3920000.0
43.00-44.00,381952.0,3060000.0
44.00-45.00,374784.0,3000000.0
45.00-46.00,142336.0,1130000.0
46.00-47.00,0.00,0.00
47.00-48.00,59392.0,475000.0
48.00-49.00,256000.0,2049999.9999999998
49.00-50.00,359424.0,2870000.0
50.00-51.00,451584.0,3610000.0
51.00-52.00,329728.0,2640000.0
52.00-53.00,376832.0,3010000.0
53.00-54.00,336896.0,2700000.0
54.00-55.00,318464.0,2550000.0
55.00-56.00,415744.0,3320000.0
56.00-57.00,357376.0,2860000.0
57.00-58.00,310272.0,2480000.0
58.00-59.00,305152.0,2450000.0
59.00-60.00,250880.0,2000000.0
60.00-61.00,338944.0,2710000.0
61.00-62.00,567296.0,4540000.0
62.00-63.00,569344.0,4550000.0
63.00-64.00,101376.0,810000.0
64.00-65.00,0.00,0.00
65.00-66.00,66560.0,533000.0
66.00-67.00,388096.0,3100000.0
67.00-68.00,429056.0,3430000.0
68.00-69.00,292864.0,2340000.0
69.00-70.00,394240.0,3150000.0
70.00-71.00,206848.0,1660000.0
71.00-72.00,0.00,0.00
72.00-73.00,0.00,0.00
73.00-74.00,363520.0,2910000.0
74.00-75.00,479232.0,3830000.0
75.00-76.00,500736.0,4010000.0
76.00-77.00,651264.0,5210000.0
77.00-78.00,381952.0,3060000.0
78.00-79.00,0.00,0.00
79.00-80.00,0.00,0.00
80.00-81.00,327680.0,2620000.0
81.00-82.00,464896.0,3720000.0
82.00-83.00,409600.0,3280000.0
83.00-84.00,301056.0,2410000.0
84.00-85.00,278528.0,2220000.0
85.00-86.00,0.00,0.00
86.00-87.00,0.00,0.00
87.00-88.00,276480.0,2210000.0
88.00-89.00,446464.0,3570000.0
89.00-90.00,462848.0,3710000.0
90.00-91.00,369664.0,2950000.0
91.00-92.00,518144.0,4150000.0000000005
92.00-93.00,40550.4,324000.0
93.00-94.00,0.00,0.00
94.00-95.00,111616.0,893000.0
95.00-96.00,161792.0,1300000.0
96.00-97.00,354304.0,2840000.0
97.00-98.00,486400.0,3890000.0
98.00-99.00,586752.0,4690000.0
99.00-100.00,182272.0,1460000.0
100.00-101.00,0.00,0.00
101.00-102.00,0.00,0.00
102.00-103.00,476160.0,3810000.0
103.00-104.00,427008.0,3420000.0
104.00-105.00,308224.0,2470000.0
105.00-106.00,380928.0,3050000.0
106.00-107.00,133120.0,1070000.0
107.00-108.00,0.00,0.00
108.00-109.00,0.00,0.00
109.00-110.00,223232.0,1790000.0
110.00-111.00,385024.0,3080000.0
111.00-112.00,441344.0,3530000.0
112.00-113.00,509952.0,4080000.0
113.00-114.00,387072.0,3090000.0
114.00-115.00,0.00,0.00
115.00-116.00,0.00,0.00
116.00-117.00,230400.0,1840000.0
117.00-118.00,357376.0,2860000.0
118.00-119.00,436224.0,3490000.0
119.00-120.00,357376.0,2860000.0
120.00-121.00,360448.0,2880000.0
121.00-122.00,0.00,0.00
122.00-123.00,0.00,0.00
123.00-124.00,129024.0,1030000.0
124.00-125.00,195584.0,1560000.0
125.00-126.00,471040.0,3760000.0
126.00-127.00,506880.0,4050000.0
127.00-128.00,433152.0,3460000.0
128.00-129.00,36249.6,289000.0
129.00-130.00,0.00,0.00
130.00-131.00,0.00,0.00
131.00-132.00,172032.0,1380000.0
132.00-133.00,431104.0,3450000.0
133.00-134.00,409600.0,3280000.0
134.00-135.00,387072.0,3090000.0
135.00-136.00,150528.0,1200000.0
136.00-137.00,0.00,0.00
137.00-138.00,0.00,0.00
138.00-139.00,422912.0,3390000.0
139.00-140.00,278528.0,2220000.0
140.00-141.00,510976.0,4090000.0
141.00-142.00,320512.0,2560000.0
142.00-143.00,226304.0,1810000.0
143.00-144.00,0.00,0.00
144.00-145.00,0.00,0.00
145.00-146.00,356352.0,2850000.0
146.00-147.00,509952.0,4080000.0
147.00-148.00,443392.0,3540000.0
148.00-149.00,389120.0,3120000.0
149.00-150.00,315392.0,2520000.0
150.00-151.00,0.00,0.00
151.00-152.00,0.00,0.00
152.00-153.00,161792.0,1300000.0
153.00-154.00,362496.0,2900000.0
154.00-155.00,287744.0,2310000.0
155.00-156.00,233472.0,1870000.0
156.00-157.00,214016.0,1710000.0
157.00-158.00,0.00,0.00
158.00-159.00,0.00,0.00
159.00-160.00,132096.0,1060000.0
160.00-161.00,338944.0,2710000.0
161.00-162.00,574464.0,4600000.0
162.00-163.00,338944.0,2710000.0
163.00-164.00,489472.0,3920000.0
164.00-165.00,63692.8,509000.0
165.00-166.00,0.00,0.00
166.00-167.00,11571.2,92800.0
167.00-168.00,329728.0,2640000.0
168.00-169.00,367616.0,2940000.0
169.00-170.00,450560.0,3600000.0
170.00-171.00,443392.0,3540000.0
171.00-172.00,228352.0,1830000.0
172.00-173.00,0.00,0.00
173.00-174.00,0.00,0.00
174.00-175.00,343040.0,2750000.0
175.00-176.00,396288.0,3170000.0
176.00-177.00,320512.0,2560000.0
177.00-178.00,451584.0,3610000.0
178.00-179.00,244736.0,1960000.0
179.00-180.00,0.00,0.00
180.00-181.00,0.00,0.00
181.00-182.00,338944.0,2710000.0
182.00-183.00,402432.0,3220000.0
183.00-184.00,347136.0,2780000.0
184.00-185.00,544768.0,4360000.0
185.00-186.00,237568.0,1900000.0
186.00-187.00,0.00,0.00
187.00-188.00,0.00,0.00
188.00-189.00,234496.0,1880000.0
189.00-190.00,362496.0,2900000.0
190.00-191.00,472064.0,3780000.0
191.00-192.00,370688.0,2970000.0
192.00-193.00,514048.0,4110000.0000000005
193.00-194.00,11571.2,92600.0
194.00-195.00,0.00,0.00
195.00-196.00,105472.0,846000.0
196.00-197.00,157696.0,1260000.0
197.00-198.00,447488.0,3580000.0
198.00-199.00,443392.0,3540000.0
199.00-200.00,503808.0,4030000.0000000005
200.00-201.00,143360.0,1150000.0
201.00-202.00,0.00,0.00
202.00-203.00,0.00,0.00
203.00-204.00,517120.0,4139999.9999999995
204.00-205.00,404480.0,3230000.0
205.00-206.00,462848.0,3710000.0
206.00-207.00,431104.0,3450000.0
207.00-208.00,240640.0,1920000.0
208.00-209.00,0.00,0.00
209.00-210.00,0.00,0.00
210.00-211.00,342016.0,2740000.0
211.00-212.00,413696.0,3310000.0
212.00-213.00,587776.0,4700000.0
213.00-214.00,450560.0,3600000.0
214.00-215.00,251904.0,2020000.0
215.00-216.00,0.00,0.00
216.00-217.00,0.00,0.00
217.00-218.00,0.00,0.00
218.00-219.00,160768.0,1290000.0
219.00-220.00,88371.2,707000.0
220.00-221.00,175104.0,1400000.0
221.00-222.00,434176.0,3480000.0
222.00-223.00,0.00,0.00
223.00-224.00,0.00,0.00
224.00-225.00,181248.0,1450000.0
225.00-226.00,458752.0,3670000.0
226.00-227.00,495616.0,3960000.0
227.00-228.00,535552.0,4290000.0
228.00-229.00,391168.0,3130000.0
229.00-230.00,40550.4,324000.0
230.00-231.00,0.00,0.00
231.00-232.00,0.00,0.00
232.00-233.00,259072.0,2080000.0
233.00-234.00,457728.0,3660000.0
234.00-235.00,385024.0,3080000.0
235.00-236.00,353280.0,2830000.0
236.00-237.00,91238.4,729000.0
237.00-238.00,0.00,0.00
238.00-239.00,0.00,0.00
239.00-240.00,287744.0,2310000.0
240.00-241.00,331776.0,2650000.0
241.00-242.00,444416.0,3560000.0
242.00-243.00,429056.0,3430000.0
243.00-244.00,269312.0,2150000.0
244.00-245.00,0.00,0.00
245.00-246.00,0.00,0.00
246.00-247.00,389120.0,3120000.0
247.00-248.00,450560.0,3600000.0
248.00-249.00,384000.0,3070000.0
249.00-250.00,497664.0,3980000.0
250.00-251.00,308224.0,2470000.0
251.00-252.00,0.00,0.00
252.00-253.00,0.00,0.00
253.00-254.00,132096.0,1060000.0
254.00-255.00,223232.0,1780000.0
255.00-256.00,325632.0,2610000.0
256.00-257.00,446464.0,3570000.0
257.00-258.00,346112.0,2770000.0
258.00-259.00,0.00,0.00
259.00-260.00,0.00,0.00
260.00-261.00,0.00,0.00
261.00-262.00,286720.0,2300000.0
262.00-263.00,406528.0,3260000.0
263.00-264.00,551936.0,4410000.0
264.00-265.00,471040.0,3760000.0
265.00-266.00,96972.8,775000.0
266.00-267.00,0.00,0.00
267.00-268.00,0.00,0.00
268.00-269.00,366592.0,2930000.0
269.00-270.00,454656.0,3640000.0
270.00-271.00,352256.0,2810000.0
271.00-272.00,499712.0,4000000.0
272.00-273.00,125952.0,1010000.0
273.00-274.00,0.00,0.00
274.00-275.00,1443.84,11600.0
275.00-276.00,268288.0,2140000.0
276.00-277.00,268288.0,2140000.0
277.00-278.00,515072.0,4120000.0
278.00-279.00,488448.0,3900000.0
279.00-280.00,262144.0,2100000.0
280.00-281.00,0.00,0.00
281.00-282.00,0.00,0.00
282.00-283.00,210944.0,1690000.0
283.00-284.00,438272.0,3510000.0
284.00-285.00,370688.0,2970000.0
285.00-286.00,353280.0,2830000.0
286.00-287.00,394240.0,3150000.0
287.00-288.00,0.00,0.00
288.00-289.00,0.00,0.00
289.00-290.00,206848.0,1660000.0
290.00-291.00,272384.0,2180000.0
291.00-292.00,454656.0,3640000.0
292.00-293.00,446464.0,3570000.0
293.00-294.00,500736.0,4010000.0
294.00-295.00,0.00,0.00
295.00-296.00,0.00,0.00
296.00-297.00,49254.4,394000.0
297.00-298.00,287744.0,2310000.0
298.00-299.00,387072.0,3090000.0
299.00-300.00,517120.0,4139999.9999999995
300.00-301.00,427008.0,3420000.0
301.00-302.00,130048.0,1040000.0
302.00-303.00,0.00,0.00
303.00-304.00,0.00,0.00
304.00-305.00,278528.0,2230000.0
305.00-306.00,357376.0,2860000.0
306.00-307.00,370688.0,2970000.0
307.00-308.00,454656.0,3640000.0
308.00-309.00,125952.0,1010000.0
309.00-310.00,0.00,0.00
310.00-311.00,0.00,0.00
311.00-312.00,384000.0,3070000.0
312.00-313.00,434176.0,3480000.0
313.00-314.00,315392.0,2530000.0
314.00-315.00,509952.0,4080000.0
315.00-316.00,193536.0,1550000.0
316.00-317.00,0.00,0.00
317.00-318.00,0.00,0.00
318.00-319.00,0.00,0.00
319.00-320.00,380928.0,3050000.0
320.00-321.00,402432.0,3220000.0
321.00-322.00,443392.0,3540000.0
322.00-323.00,409600.0,3280000.0
323.00-324.00,0.00,0.00
324.00-325.00,0.00,0.00
325.00-326.00,37683.2,301000.0
326.00-327.00,221184.0,1770000.0
327.00-328.00,317440.0,2540000.0
328.00-329.00,409600.0,3280000.0
329.00-330.00,532480.0,4260000.0
330.00-331.00,46284.8,370000.0
331.00-332.00,0.00,0.00
332.00-333.00,181248.0,1450000.0
333.00-334.00,453632.0,3630000.0
334.00-335.00,430080.0,3440000.0
335.00-336.00,500736.0,4010000.0
336.00-337.00,327680.0,2620000.0
337.00-338.00,124928.0,996000.0
338.00-339.00,0.00,0.00
339.00-340.00,0.00,0.00
340.00-341.00,263168.0,2110000.0
341.00-342.00,364544.0,2920000.0
342.00-343.00,446464.0,3570000.0
343.00-344.00,387072.0,3090000.0
344.00-345.00,201728.0,1610000.0
345.00-346.00,0.00,0.00
346.00-347.00,0.00,0.00
347.00-348.00,290816.0,2330000.0
348.00-349.00,381952.0,3060000.0
349.00-350.00,444416.0,3560000.0
350.00-351.00,408576.0,3270000.0
351.00-352.00,304128.0,2430000.0
352.00-353.00,0.00,0.00
353.00-354.00,0.00,0.00
354.00-355.00,203776.0,1630000.0
355.00-356.00,360448.0,2880000.0
356.00-357.00,335872.0,2690000.0
357.00-358.00,228352.0,1830000.0
358.00-359.00,385024.0,3080000.0
359.00-360.00,0.00,0.00
360.00-361.00,0.00,0.00
361.00-362.00,172032.0,1380000.0
362.00-363.00,268288.0,2140000.0
363.00-364.00,285696.0,2280000.0
364.00-365.00,286720.0,2290000.0
365.00-366.00,475136.0,3800000.0
366.00-367.00,63692.8,509000.0
367.00-368.00,0.00,0.00
368.00-369.00,93184.0,746000.0
369.00-370.00,151552.0,1210000.0
370.00-371.00,285696.0,2280000.0
371.00-372.00,297984.0,2390000.0
372.00-373.00,325632.0,2610000.0
373.00-374.00,94105.6,752000.0
374.00-375.00,0.00,0.00
375.00-376.00,0.00,0.00
376.00-377.00,389120.0,3120000.0
377.00-378.00,454656.0,3640000.0
378.00-379.00,433152.0,3460000.0
379.00-380.00,419840.0,3360000.0
380.00-381.00,166912.0,1330000.0
381.00-382.00,0.00,0.00
382.00-383.00,0.00,0.00
383.00-384.00,188416.0,1510000.0
384.00-385.00,346112.0,2770000.0
385.00-386.00,506880.0,4050000.0
386.00-387.00,465920.0,3730000.0
387.00-388.00,312320.0,2500000.0
388.00-389.00,0.00,0.00
389.00-390.00,0.00,0.00
390.00-391.00,122880.0,986000.0
391.00-392.00,133120.0,1070000.0
392.00-393.00,234496.0,1880000.0
393.00-394.00,493568.0,3950000.0
394.00-395.00,307200.0,2460000.0
395.00-396.00,0.00,0.00
396.00-397.00,0.00,0.00
397.00-398.00,105472.0,846000.0
398.00-399.00,241664.0,1930000.0
399.00-400.00,454656.0,3640000.0
400.00-401.00,146432.0,1170000.0
401.00-402.00,53555.2,429000.0
402.00-403.00,43417.6,347000.0
403.00-404.00,0.00,0.00
404.00-405.00,0.00,0.00
405.00-406.00,137216.0,1100000.0
406.00-407.00,168960.0,1360000.0
407.00-408.00,43417.6,348000.0
408.00-409.00,164864.0,1320000.0
409.00-410.00,27545.6,220000.0
410.00-411.00,0.00,0.00
411.00-412.00,0.00,0.00
412.00-413.00,4341.76,34800.0
413.00-414.00,150528.0,1200000.0
414.00-415.00,107520.0,858000.0
415.00-416.00,66560.0,533000.0
416.00-417.00,85401.6,683000.0
417.00-418.00,0.00,0.00
418.00-419.00,0.00,0.00
419.00-420.00,0.00,0.00
420.00-421.00,130048.0,1040000.0
421.00-422.00,18841.6,150000.0
422.00-423.00,219136.0,1750000.0
423.00-424.00,46284.8,371000.0
424.00-425.00,0.00,0.00
425.00-426.00,0.00,0.00
426.00-427.00,0.00,0.00
427.00-428.00,193536.0,1550000.0
428.00-429.00,114688.0,915000.0
429.00-430.00,98508.8,788000.0
430.00-431.00,70963.2,568000.0
431.00-432.00,8683.52,69400.0
432.00-433.00,0.00,0.00
433.00-434.00,0.00,0.00
434.00-435.00,188416.0,1510000.0
435.00-436.00,85401.6,683000.0
436.00-437.00,21708.8,174000.0
437.00-438.00,129024.0,1030000.0
438.00-439.00,4341.76,34700.0
439.00-440.00,0.00,0.00
440.00-441.00,0.00,0.00
441.00-442.00,130048.0,1040000.0
442.00-443.00,40550.4,324000.0
443.00-444.00,178176.0,1420000.0
444.00-445.00,33280.0,266000.0
445.00-446.00,13004.8,104000.0
446.00-447.00,1443.84,11600.0
447.00-448.00,0.00,0.00
448.00-449.00,0.00,0.00
449.00-450.00,161792.0,1300000.0
450.00-451.00,2897.92,23200.0
451.00-452.00,104448.0,835000.0
452.00-453.00,73830.4,591000.0
453.00-454.00,0.00,0.00
454.00-455.00,0.00,0.00
455.00-456.00,0.00,0.00
456.00-457.00,160768.0,1290000.0
457.00-458.00,201728.0,1610000.0
458.00-459.00,57958.4,463000.0
459.00-460.00,151552.0,1220000.0
460.00-461.00,14438.4,116000.0
461.00-462.00,0.00,0.00
462.00-463.00,0.00,0.00
463.00-464.00,199680.0,1600000.0
464.00-465.00,17408.0,139000.0
465.00-466.00,91238.4,730000.0
466.00-467.00,381952.0,3060000.0
467.00-468.00,13004.8,104000.0
468.00-469.00,0.00,0.00
469.00-470.00,0.00,0.00
470.00-471.00,198656.0,1590000.0
471.00-472.00,63692.8,510000.0
472.00-473.00,179200.0,1440000.0
473.00-474.00,63692.8,510000.0
474.00-475.00,65126.4,521000.0
475.00-476.00,0.00,0.00
476.00-477.00,0.00,0.00
477.00-478.00,0.00,0.00
478.00-479.00,188416.0,1510000.0
479.00-480.00,49254.4,394000.0
480.00-481.00,178176.0,1420000.0
481.00-482.00,36249.6,290000.0
482.00-483.00,0.00,0.00
483.00-484.00,0.00,0.00
484.00-485.00,0.00,0.00
485.00-486.00,0.00,0.00
<<<<<<< HEAD
486.00-487.00,3022848.0,3030000.0
487.00-488.00,2408448.0,2410000.0
488.00-489.00,741376.0,741000.0
489.00-490.00,69468.16,69400.0
490.00-491.00,0.00,0.00
491.00-492.00,0.00,0.00
492.00-493.00,0.00,0.00
493.00-494.00,1064960.0,1070000.0
494.00-495.00,892928.0,892000.0
495.00-496.00,1531904.0,1530000.0
496.00-497.00,92569.6,92600.0
497.00-498.00,0.00,0.00
498.00-499.00,0.00,0.00
499.00-500.00,11550.72,11600.0
500.00-501.00,0.00,0.00
501.00-502.00,0.00,0.00
502.00-503.00,0.00,0.00
503.00-504.00,1040384.0,1040000.0
504.00-505.00,0.00,0.00
505.00-506.00,0.00,0.00
506.00-507.00,1056768.0,1060000.0
507.00-508.00,1630208.0,1630000.0
508.00-509.00,1081344.0,1080000.0
509.00-510.00,1376256.0,1380000.0
510.00-511.00,81100.8,81000.0
511.00-512.00,11550.72,11600.0
512.00-513.00,0.00,0.00
513.00-514.00,0.00,0.00
514.00-515.00,1884160.0,1890000.0
515.00-516.00,613580.8,614000.0
516.00-517.00,1417216.0,1410000.0
517.00-518.00,347340.8,347000.0
518.00-519.00,0.00,0.00
519.00-520.00,0.00,0.00
520.00-521.00,0.00,0.00
521.00-522.00,11550.72,11600.0
522.00-523.00,1400832.0,1400000.0
523.00-524.00,1630208.0,1630000.0
524.00-525.00,775782.4,776000.0
525.00-526.00,81100.8,81000.0
526.00-527.00,0.00,0.00
527.00-528.00,860160.0,858000.0
528.00-529.00,312934.4,313000.0
529.00-530.00,370278.4,371000.0
530.00-531.00,312934.4,313000.0
531.00-532.00,1712128.0,1710000.0
532.00-533.00,382566.4,382000.0
533.00-534.00,0.00,0.00
534.00-535.00,0.00,0.00
535.00-536.00,1851392.0,1860000.0
536.00-537.00,0.00,0.00
537.00-538.00,1032192.0,1030000.0
538.00-539.00,301465.6,301000.0
539.00-540.00,892928.0,892000.0
540.00-541.00,0.00,0.00
541.00-542.00,0.00,0.00
542.00-543.00,0.00,0.00
543.00-544.00,925696.0,928000.0
544.00-545.00,127795.2,127000.0
545.00-546.00,567705.6,568000.0
546.00-547.00,324403.2,324000.0
=======
486.00-487.00,377856.0,3030000.0
487.00-488.00,301056.0,2410000.0
488.00-489.00,92672.0,741000.0
489.00-490.00,8683.52,69400.0
490.00-491.00,0.00,0.00
491.00-492.00,0.00,0.00
492.00-493.00,0.00,0.00
493.00-494.00,133120.0,1070000.0
494.00-495.00,111616.0,892000.0
495.00-496.00,191488.0,1530000.0
496.00-497.00,11571.2,92600.0
497.00-498.00,0.00,0.00
498.00-499.00,0.00,0.00
499.00-500.00,1443.84,11600.0
500.00-501.00,0.00,0.00
501.00-502.00,0.00,0.00
502.00-503.00,0.00,0.00
503.00-504.00,130048.0,1040000.0
504.00-505.00,0.00,0.00
505.00-506.00,0.00,0.00
506.00-507.00,132096.0,1060000.0
507.00-508.00,203776.0,1630000.0
508.00-509.00,135168.0,1080000.0
509.00-510.00,172032.0,1380000.0
510.00-511.00,10137.6,81000.0
511.00-512.00,1443.84,11600.0
512.00-513.00,0.00,0.00
513.00-514.00,0.00,0.00
514.00-515.00,235520.0,1890000.0
515.00-516.00,76697.6,614000.0
516.00-517.00,177152.0,1410000.0
517.00-518.00,43417.6,347000.0
518.00-519.00,0.00,0.00
519.00-520.00,0.00,0.00
520.00-521.00,0.00,0.00
521.00-522.00,1443.84,11600.0
522.00-523.00,175104.0,1400000.0
523.00-524.00,203776.0,1630000.0
524.00-525.00,96972.8,776000.0
525.00-526.00,10137.6,81000.0
526.00-527.00,0.00,0.00
527.00-528.00,107520.0,858000.0
528.00-529.00,39116.8,313000.0
529.00-530.00,46284.8,371000.0
530.00-531.00,39116.8,313000.0
531.00-532.00,214016.0,1710000.0
532.00-533.00,47820.8,382000.0
533.00-534.00,0.00,0.00
534.00-535.00,0.00,0.00
535.00-536.00,231424.0,1860000.0
536.00-537.00,0.00,0.00
537.00-538.00,129024.0,1030000.0
538.00-539.00,37683.2,301000.0
539.00-540.00,111616.0,892000.0
540.00-541.00,0.00,0.00
541.00-542.00,0.00,0.00
542.00-543.00,0.00,0.00
543.00-544.00,115712.0,928000.0
544.00-545.00,15974.4,127000.0
545.00-546.00,70963.2,568000.0
546.00-547.00,40550.4,324000.0
>>>>>>> adbc8e2aecd1d7e96c6211d9d80f1a8917e6aa1b
547.00-548.00,0.00,0.00
548.00-549.00,0.00,0.00
549.00-550.00,0.00,0.00
550.00-551.00,0.00,0.00
551.00-552.00,0.00,0.00
552.00-553.00,0.00,0.00
553.00-554.00,0.00,0.00
554.00-555.00,0.00,0.00
555.00-556.00,0.00,0.00
556.00-557.00,0.00,0.00
<<<<<<< HEAD
557.00-558.00,958464.0,962000.0
558.00-559.00,544768.0,545000.0
559.00-560.00,11550.72,11600.0
560.00-561.00,173670.4,174000.0
561.00-562.00,162201.6,162000.0
562.00-563.00,1630208.0,1630000.0
563.00-564.00,231833.6,232000.0
564.00-565.00,324403.2,324000.0
565.00-566.00,312934.4,313000.0
566.00-567.00,289996.8,289000.0
567.00-568.00,0.00,0.00
568.00-569.00,901120.0,904000.0
569.00-570.00,1236992.0,1240000.0
570.00-571.00,660275.2,660000.0
571.00-572.00,544768.0,544000.0
572.00-573.00,0.00,0.00
573.00-574.00,0.00,0.00
574.00-575.00,11550.72,11600.0
575.00-576.00,2154496.0,2150000.0
576.00-577.00,868352.0,869000.0
577.00-578.00,1089536.0,1090000.0
578.00-579.00,799539.2,799000.0
579.00-580.00,220364.8,220000.0
580.00-581.00,0.00,0.00
581.00-582.00,0.00,0.00
582.00-583.00,0.00,0.00
583.00-584.00,1818624.0,1820000.0
584.00-585.00,625868.8,625000.0
585.00-586.00,394035.2,394000.0
586.00-587.00,1540096.0,1540000.0
587.00-588.00,0.00,0.00
588.00-589.00,0.00,0.00
589.00-590.00,1310720.0,1310000.0
590.00-591.00,1753088.0,1750000.0
591.00-592.00,11550.72,11600.0
592.00-593.00,208896.0,208000.0
=======
557.00-558.00,119808.0,962000.0
558.00-559.00,68096.0,545000.0
559.00-560.00,1443.84,11600.0
560.00-561.00,21708.8,174000.0
561.00-562.00,20275.2,162000.0
562.00-563.00,203776.0,1630000.0
563.00-564.00,28979.2,232000.0
564.00-565.00,40550.4,324000.0
565.00-566.00,39116.8,313000.0
566.00-567.00,36249.6,289000.0
567.00-568.00,0.00,0.00
568.00-569.00,112640.0,904000.0
569.00-570.00,154624.0,1240000.0
570.00-571.00,82534.4,660000.0
571.00-572.00,68096.0,544000.0
572.00-573.00,0.00,0.00
573.00-574.00,0.00,0.00
574.00-575.00,1443.84,11600.0
575.00-576.00,269312.0,2150000.0
576.00-577.00,108544.0,869000.0
577.00-578.00,136192.0,1090000.0
578.00-579.00,99942.4,799000.0
579.00-580.00,27545.6,220000.0
580.00-581.00,0.00,0.00
581.00-582.00,0.00,0.00
582.00-583.00,0.00,0.00
583.00-584.00,227328.0,1820000.0
584.00-585.00,78233.6,625000.0
585.00-586.00,49254.4,394000.0
586.00-587.00,192512.0,1540000.0
587.00-588.00,0.00,0.00
588.00-589.00,0.00,0.00
589.00-590.00,163840.0,1310000.0
590.00-591.00,219136.0,1750000.0
591.00-592.00,1443.84,11600.0
592.00-593.00,26112.0,208000.0
>>>>>>> adbc8e2aecd1d7e96c6211d9d80f1a8917e6aa1b
593.00-594.00,0.00,0.00
594.00-595.00,0.00,0.00
595.00-596.00,0.00,0.00
596.00-597.00,0.00,0.00
<<<<<<< HEAD
597.00-598.00,3194880.0,3200000.0
598.00-599.00,602112.0,602000.0
599.00-600.00,1040384.0,1040000.0
600.00-601.00,486604.8,486000.0
601.00-602.00,0.00,0.00
602.00-603.00,0.00,0.00
603.00-604.00,0.00,0.00
604.00-605.00,901120.0,904000.0
605.00-606.00,289996.8,290000.0
606.00-607.00,428441.6,429000.0
607.00-608.00,1056768.0,1050000.0
608.00-609.00,1277952.0,1270000.0
609.00-610.00,0.00,0.00
610.00-611.00,788070.4,788000.0
611.00-612.00,1056768.0,1050000.0
612.00-613.00,613580.8,614000.0
613.00-614.00,1458176.0,1460000.0
614.00-615.00,382566.4,382000.0
615.00-616.00,358809.6,359000.0
=======
597.00-598.00,399360.0,3200000.0
598.00-599.00,75264.0,602000.0
599.00-600.00,130048.0,1040000.0
600.00-601.00,60825.6,486000.0
601.00-602.00,0.00,0.00
602.00-603.00,0.00,0.00
603.00-604.00,0.00,0.00
604.00-605.00,112640.0,904000.0
605.00-606.00,36249.6,290000.0
606.00-607.00,53555.2,429000.0
607.00-608.00,132096.0,1050000.0
608.00-609.00,159744.0,1270000.0
609.00-610.00,0.00,0.00
610.00-611.00,98508.8,788000.0
611.00-612.00,132096.0,1050000.0
612.00-613.00,76697.6,614000.0
613.00-614.00,182272.0,1460000.0
614.00-615.00,47820.8,382000.0
615.00-616.00,44851.2,359000.0
>>>>>>> adbc8e2aecd1d7e96c6211d9d80f1a8917e6aa1b
616.00-617.00,0.00,0.00
617.00-618.00,0.00,0.00
618.00-619.00,0.00,0.00
619.00-620.00,0.00,0.00
620.00-621.00,0.00,0.00
<<<<<<< HEAD
621.00-622.00,139264.0,139000.0
622.00-623.00,683212.8,683000.0
623.00-624.00,0.00,0.00
624.00-625.00,0.00,0.00
625.00-626.00,139264.0,139000.0
626.00-627.00,439910.4,440000.0
627.00-628.00,1597440.0,1600000.0
628.00-629.00,567705.6,568000.0
629.00-630.00,1482752.0,1480000.0
630.00-631.00,0.00,0.00
631.00-632.00,0.00,0.00
632.00-633.00,57917.44,58000.0
633.00-634.00,1318912.0,1320000.0
634.00-635.00,34734.08,34700.0
635.00-636.00,1392640.0,1390000.0
636.00-637.00,394035.2,394000.0
637.00-638.00,57917.44,57900.0
638.00-639.00,0.00,0.00
639.00-640.00,0.00,0.00
640.00-641.00,950272.0,951000.0
641.00-642.00,1679360.0,1680000.0
642.00-643.00,405504.0,405000.0
643.00-644.00,1056768.0,1050000.0
644.00-645.00,115507.2,116000.0
645.00-646.00,0.00,0.00
646.00-647.00,0.00,0.00
647.00-648.00,34734.08,34800.0
648.00-649.00,463667.2,463000.0
649.00-650.00,1122304.0,1120000.0
650.00-651.00,69468.16,69500.0
651.00-652.00,671744.0,672000.0
652.00-653.00,0.00,0.00
653.00-654.00,0.00,0.00
654.00-655.00,81100.8,81200.0
655.00-656.00,532480.0,533000.0
656.00-657.00,532480.0,533000.0
657.00-658.00,590643.2,591000.0
658.00-659.00,498073.6,498000.0
659.00-660.00,0.00,0.00
660.00-661.00,0.00,0.00
661.00-662.00,0.00,0.00
662.00-663.00,1212416.0,1220000.0
663.00-664.00,277708.8,278000.0
664.00-665.00,671744.0,672000.0
665.00-666.00,590643.2,591000.0
666.00-667.00,23183.36,23100.0
667.00-668.00,0.00,0.00
668.00-669.00,11550.72,11600.0
669.00-670.00,463667.2,463000.0
670.00-671.00,835584.0,834000.0
671.00-672.00,254771.2,255000.0
672.00-673.00,1490944.0,1490000.0
673.00-674.00,486604.8,486000.0
674.00-675.00,0.00,0.00
675.00-676.00,0.00,0.00
676.00-677.00,0.00,0.00
677.00-678.00,1843200.0,1840000.0
678.00-679.00,312934.4,313000.0
679.00-680.00,1122304.0,1120000.0
680.00-681.00,220364.8,220000.0
681.00-682.00,0.00,0.00
682.00-683.00,0.00,0.00
683.00-684.00,0.00,0.00
684.00-685.00,775782.4,777000.0
685.00-686.00,1204224.0,1200000.0
686.00-687.00,1097728.0,1100000.0
687.00-688.00,301465.6,301000.0
688.00-689.00,0.00,0.00
689.00-690.00,0.00,0.00
690.00-691.00,0.00,0.00
691.00-692.00,23183.36,23200.0
692.00-693.00,648806.4,649000.0
693.00-694.00,1343488.0,1340000.0
694.00-695.00,11550.72,11600.0
=======
621.00-622.00,17408.0,139000.0
622.00-623.00,85401.6,683000.0
623.00-624.00,0.00,0.00
624.00-625.00,0.00,0.00
625.00-626.00,17408.0,139000.0
626.00-627.00,54988.8,440000.0
627.00-628.00,199680.0,1600000.0
628.00-629.00,70963.2,568000.0
629.00-630.00,185344.0,1480000.0
630.00-631.00,0.00,0.00
631.00-632.00,0.00,0.00
632.00-633.00,7239.68,58000.0
633.00-634.00,164864.0,1320000.0
634.00-635.00,4341.76,34700.0
635.00-636.00,174080.0,1390000.0
636.00-637.00,49254.4,394000.0
637.00-638.00,7239.68,57900.0
638.00-639.00,0.00,0.00
639.00-640.00,0.00,0.00
640.00-641.00,118784.0,951000.0
641.00-642.00,209920.0,1680000.0
642.00-643.00,50688.0,405000.0
643.00-644.00,132096.0,1050000.0
644.00-645.00,14438.4,116000.0
645.00-646.00,0.00,0.00
646.00-647.00,0.00,0.00
647.00-648.00,4341.76,34800.0
648.00-649.00,57958.4,463000.0
649.00-650.00,140288.0,1120000.0
650.00-651.00,8683.52,69500.0
651.00-652.00,83968.0,672000.0
652.00-653.00,0.00,0.00
653.00-654.00,0.00,0.00
654.00-655.00,10137.6,81200.0
655.00-656.00,66560.0,533000.0
656.00-657.00,66560.0,533000.0
657.00-658.00,73830.4,591000.0
658.00-659.00,62259.2,498000.0
659.00-660.00,0.00,0.00
660.00-661.00,0.00,0.00
661.00-662.00,0.00,0.00
662.00-663.00,151552.0,1220000.0
663.00-664.00,34713.6,278000.0
664.00-665.00,83968.0,672000.0
665.00-666.00,73830.4,591000.0
666.00-667.00,2897.92,23100.0
667.00-668.00,0.00,0.00
668.00-669.00,1443.84,11600.0
669.00-670.00,57958.4,463000.0
670.00-671.00,104448.0,834000.0
671.00-672.00,31846.4,255000.0
672.00-673.00,186368.0,1490000.0
673.00-674.00,60825.6,486000.0
674.00-675.00,0.00,0.00
675.00-676.00,0.00,0.00
676.00-677.00,0.00,0.00
677.00-678.00,230400.0,1840000.0
678.00-679.00,39116.8,313000.0
679.00-680.00,140288.0,1120000.0
680.00-681.00,27545.6,220000.0
681.00-682.00,0.00,0.00
682.00-683.00,0.00,0.00
683.00-684.00,0.00,0.00
684.00-685.00,96972.8,777000.0
685.00-686.00,150528.0,1200000.0
686.00-687.00,137216.0,1100000.0
687.00-688.00,37683.2,301000.0
688.00-689.00,0.00,0.00
689.00-690.00,0.00,0.00
690.00-691.00,0.00,0.00
691.00-692.00,2897.92,23200.0
692.00-693.00,81100.8,649000.0
693.00-694.00,167936.0,1340000.0
694.00-695.00,1443.84,11600.0
>>>>>>> adbc8e2aecd1d7e96c6211d9d80f1a8917e6aa1b
695.00-696.00,0.00,0.00
696.00-697.00,0.00,0.00
697.00-698.00,0.00,0.00
698.00-699.00,0.00,0.00
699.00-700.00,0.00,0.00
<<<<<<< HEAD
700.00-701.00,23183.36,23200.0
701.00-702.00,1712128.0,1710000.0
702.00-703.00,104038.4,104000.0
703.00-704.00,0.00,0.00
704.00-705.00,0.00,0.00
705.00-706.00,1343488.0,1350000.0
706.00-707.00,590643.2,591000.0
707.00-708.00,1449984.0,1450000.0
708.00-709.00,451379.2,452000.0
709.00-710.00,925696.0,926000.0
710.00-711.00,0.00,0.00
711.00-712.00,0.00,0.00
712.00-713.00,567705.6,568000.0
713.00-714.00,1122304.0,1120000.0
714.00-715.00,312934.4,313000.0
715.00-716.00,1015808.0,1020000.0
716.00-717.00,57917.44,57900.0
717.00-718.00,0.00,0.00
718.00-719.00,0.00,0.00
719.00-720.00,1097728.0,1100000.0
720.00-721.00,590643.2,591000.0
721.00-722.00,1253376.0,1250000.0
722.00-723.00,463667.2,463000.0
723.00-724.00,1392640.0,1390000.0
=======
700.00-701.00,2897.92,23200.0
701.00-702.00,214016.0,1710000.0
702.00-703.00,13004.8,104000.0
703.00-704.00,0.00,0.00
704.00-705.00,0.00,0.00
705.00-706.00,167936.0,1350000.0
706.00-707.00,73830.4,591000.0
707.00-708.00,181248.0,1450000.0
708.00-709.00,56422.4,452000.0
709.00-710.00,115712.0,926000.0
710.00-711.00,0.00,0.00
711.00-712.00,0.00,0.00
712.00-713.00,70963.2,568000.0
713.00-714.00,140288.0,1120000.0
714.00-715.00,39116.8,313000.0
715.00-716.00,126976.0,1020000.0
716.00-717.00,7239.68,57900.0
717.00-718.00,0.00,0.00
718.00-719.00,0.00,0.00
719.00-720.00,137216.0,1100000.0
720.00-721.00,73830.4,591000.0
721.00-722.00,156672.0,1250000.0
722.00-723.00,57958.4,463000.0
723.00-724.00,174080.0,1390000.0
>>>>>>> adbc8e2aecd1d7e96c6211d9d80f1a8917e6aa1b
724.00-725.00,0.00,0.00
725.00-726.00,0.00,0.00
726.00-727.00,0.00,0.00
727.00-728.00,0.00,0.00
<<<<<<< HEAD
728.00-729.00,625868.8,626000.0
729.00-730.00,1286144.0,1290000.0
730.00-731.00,405504.0,405000.0
731.00-732.00,196608.0,197000.0
732.00-733.00,0.00,0.00
733.00-734.00,451379.2,452000.0
734.00-735.00,637337.6,637000.0
735.00-736.00,683212.8,683000.0
736.00-737.00,416972.8,417000.0
737.00-738.00,925696.0,927000.0
738.00-739.00,127795.2,127000.0
739.00-740.00,0.00,0.00
740.00-741.00,0.00,0.00
741.00-742.00,1146880.0,1150000.0
742.00-743.00,683212.8,683000.0
743.00-744.00,1531904.0,1530000.0
744.00-745.00,301465.6,301000.0
745.00-746.00,1277952.0,1270000.0
746.00-747.00,0.00,0.00
747.00-748.00,0.00,0.00
748.00-749.00,0.00,0.00
749.00-750.00,463667.2,464000.0
750.00-751.00,324403.2,324000.0
751.00-752.00,1212416.0,1220000.0
752.00-753.00,382566.4,382000.0
753.00-754.00,0.00,0.00
754.00-755.00,0.00,0.00
755.00-756.00,532480.0,533000.0
756.00-757.00,394035.2,394000.0
757.00-758.00,811008.0,811000.0
758.00-759.00,2490368.0,2490000.0
759.00-760.00,4317184.0,4320000.0
760.00-761.00,301465.6,301000.0
761.00-762.00,0.00,0.00
762.00-763.00,602112.0,603000.0
763.00-764.00,2318336.0,2320000.0
764.00-765.00,2482176.0,2480000.0
765.00-766.00,2965504.0,2970000.0
766.00-767.00,3194880.0,3200000.0
767.00-768.00,835584.0,833000.0
768.00-769.00,0.00,0.00
769.00-770.00,579174.4,580000.0
770.00-771.00,788070.4,788000.0
771.00-772.00,1572864.0,1580000.0
772.00-773.00,2015232.0,2020000.0
773.00-774.00,2097152.0,2100000.0
774.00-775.00,11550.72,11600.0
775.00-776.00,0.00,0.00
776.00-777.00,0.00,0.00
777.00-778.00,1097728.0,1100000.0
778.00-779.00,2433024.0,2430000.0
779.00-780.00,3022848.0,3020000.0
780.00-781.00,2932736.0,2930000.0
781.00-782.00,2260992.0,2260000.0
782.00-783.00,0.00,0.00
783.00-784.00,0.00,0.00
784.00-785.00,0.00,0.00
785.00-786.00,358809.6,359000.0
786.00-787.00,958464.0,962000.0
787.00-788.00,1261568.0,1260000.0
788.00-789.00,382566.4,382000.0
789.00-790.00,0.00,0.00
790.00-791.00,0.00,0.00
791.00-792.00,509542.4,510000.0
792.00-793.00,335872.0,336000.0
793.00-794.00,1490944.0,1490000.0
794.00-795.00,1785856.0,1780000.0
795.00-796.00,3219456.0,3220000.0
796.00-797.00,394035.2,394000.0
797.00-798.00,0.00,0.00
798.00-799.00,498073.6,499000.0
799.00-800.00,1368064.0,1370000.0
800.00-801.00,2539520.0,2540000.0
801.00-802.00,3530752.0,3530000.0
802.00-803.00,4415488.0,4410000.0
803.00-804.00,1425408.0,1420000.0
804.00-805.00,0.00,0.00
805.00-806.00,0.00,0.00
806.00-807.00,917504.0,916000.0
807.00-808.00,2973696.0,2980000.0
808.00-809.00,2654208.0,2650000.0
809.00-810.00,3579904.0,3580000.0
810.00-811.00,1630208.0,1630000.0
811.00-812.00,0.00,0.00
812.00-813.00,0.00,0.00
813.00-814.00,2383872.0,2390000.0
814.00-815.00,3530752.0,3530000.0
815.00-816.00,2654208.0,2650000.0
816.00-817.00,2990080.0,2990000.0
817.00-818.00,2539520.0,2540000.0
818.00-819.00,0.00,0.00
819.00-820.00,0.00,0.00
820.00-821.00,312934.4,313000.0
821.00-822.00,648806.4,649000.0
822.00-823.00,1204224.0,1200000.0
823.00-824.00,2072576.0,2069999.9999999998
824.00-825.00,2236416.0,2240000.0
825.00-826.00,115507.2,116000.0
826.00-827.00,0.00,0.00
827.00-828.00,69468.16,69600.0
828.00-829.00,1253376.0,1250000.0
829.00-830.00,1146880.0,1150000.0
830.00-831.00,1679360.0,1680000.0
831.00-832.00,876544.0,880000.0
832.00-833.00,185139.2,185000.0
833.00-834.00,0.00,0.00
834.00-835.00,498073.6,499000.0
835.00-836.00,1343488.0,1340000.0
836.00-837.00,544768.0,544000.0
837.00-838.00,1392640.0,1390000.0
838.00-839.00,394035.2,394000.0
839.00-840.00,173670.4,174000.0
840.00-841.00,0.00,0.00
841.00-842.00,0.00,0.00
842.00-843.00,324403.2,325000.0
843.00-844.00,917504.0,915000.0
844.00-845.00,788070.4,788000.0
845.00-846.00,819200.0,822000.0
846.00-847.00,486604.8,486000.0
847.00-848.00,0.00,0.00
848.00-849.00,0.00,0.00
849.00-850.00,556236.8,557000.0
850.00-851.00,439910.4,440000.0
851.00-852.00,925696.0,927000.0
852.00-853.00,475136.0,475000.0
853.00-854.00,660275.2,660000.0
854.00-855.00,46366.72,46300.0
855.00-856.00,0.00,0.00
856.00-857.00,0.00,0.00
857.00-858.00,567705.6,568000.0
858.00-859.00,602112.0,602000.0
859.00-860.00,567705.6,568000.0
860.00-861.00,394035.2,394000.0
861.00-862.00,34734.08,34700.0
862.00-863.00,0.00,0.00
863.00-864.00,405504.0,406000.0
864.00-865.00,843776.0,846000.0
865.00-866.00,764313.6,765000.0
866.00-867.00,521011.2,521000.0
867.00-868.00,648806.4,649000.0
868.00-869.00,185139.2,185000.0
869.00-870.00,0.00,0.00
870.00-871.00,127795.2,128000.0
871.00-872.00,694681.6,695000.0
872.00-873.00,498073.6,498000.0
873.00-874.00,475136.0,475000.0
874.00-875.00,451379.2,452000.0
875.00-876.00,358809.6,359000.0
876.00-877.00,0.00,0.00
877.00-878.00,0.00,0.00
878.00-879.00,843776.0,846000.0
879.00-880.00,694681.6,695000.0
880.00-881.00,312934.4,313000.0
881.00-882.00,382566.4,382000.0
882.00-883.00,567705.6,567000.0
883.00-884.00,23183.36,23200.0
884.00-885.00,0.00,0.00
885.00-886.00,729907.2,731000.0
886.00-887.00,2162688.0,2170000.0
887.00-888.00,1613824.0,1610000.0
888.00-889.00,1818624.0,1820000.0
889.00-890.00,1794048.0,1800000.0
890.00-891.00,0.00,0.00
891.00-892.00,0.00,0.00
892.00-893.00,925696.0,928000.0
893.00-894.00,2793472.0,2790000.0
894.00-895.00,3506176.0,3510000.0
895.00-896.00,1900544.0,1900000.0
896.00-897.00,1982464.0,1980000.0
897.00-898.00,289996.8,289000.0
898.00-899.00,0.00,0.00
899.00-900.00,590643.2,591000.0
900.00-901.00,2621440.0,2620000.0
901.00-902.00,2129920.0,2130000.0
902.00-903.00,2605056.0,2610000.0
903.00-904.00,2768896.0,2770000.0
904.00-905.00,876544.0,880000.0
905.00-906.00,0.00,0.00
906.00-907.00,0.00,0.00
907.00-908.00,2629632.0,2630000.0
908.00-909.00,2482176.0,2480000.0
909.00-910.00,1064960.0,1070000.0
910.00-911.00,2187264.0,2190000.0
911.00-912.00,1032192.0,1030000.0
912.00-913.00,0.00,0.00
913.00-914.00,0.00,0.00
914.00-915.00,1114112.0,1110000.0
915.00-916.00,2662400.0,2660000.0
916.00-917.00,3014656.0,3010000.0
917.00-918.00,2007040.0,2000000.0
918.00-919.00,1318912.0,1320000.0
919.00-920.00,0.00,0.00
920.00-921.00,0.00,0.00
921.00-922.00,1294336.0,1300000.0
922.00-923.00,2441216.0,2440000.0
923.00-924.00,2564096.0,2560000.0
924.00-925.00,1056768.0,1050000.0
925.00-926.00,2850816.0,2850000.0
926.00-927.00,0.00,0.00
927.00-928.00,0.00,0.00
928.00-929.00,752844.8,754000.0
929.00-930.00,2408448.0,2410000.0
930.00-931.00,1351680.0,1360000.0
931.00-932.00,1769472.0,1770000.0
932.00-933.00,3801088.0,3800000.0
933.00-934.00,498073.6,498000.0
934.00-935.00,0.00,0.00
935.00-936.00,532480.0,533000.0
936.00-937.00,3432448.0,3430000.0
937.00-938.00,3497984.0,3500000.0
938.00-939.00,4243456.0,4240000.0
939.00-940.00,3219456.0,3220000.0
940.00-941.00,974848.0,973000.0
941.00-942.00,0.00,0.00
942.00-943.00,0.00,0.00
943.00-944.00,3153920.0,3150000.0
944.00-945.00,2686976.0,2690000.0
945.00-946.00,2916352.0,2920000.0
946.00-947.00,2711552.0,2710000.0
947.00-948.00,1474560.0,1470000.0
948.00-949.00,0.00,0.00
949.00-950.00,0.00,0.00
950.00-951.00,625868.8,626000.0
951.00-952.00,1703936.0,1700000.0
952.00-953.00,2187264.0,2190000.0
953.00-954.00,2408448.0,2410000.0
954.00-955.00,3072000.0,3070000.0
955.00-956.00,0.00,0.00
956.00-957.00,0.00,0.00
957.00-958.00,1015808.0,1020000.0
958.00-959.00,3235840.0,3230000.0
959.00-960.00,3358720.0,3360000.0
960.00-961.00,3293184.0,3290000.0
961.00-962.00,3129344.0,3130000.0
962.00-963.00,115507.2,116000.0
963.00-964.00,0.00,0.00
964.00-965.00,901120.0,904000.0
965.00-966.00,1368064.0,1370000.0
966.00-967.00,2883584.0,2880000.0
967.00-968.00,2203648.0,2200000.0
968.00-969.00,3072000.0,3070000.0
969.00-970.00,974848.0,972000.0
970.00-971.00,0.00,0.00
971.00-972.00,324403.2,325000.0
972.00-973.00,2908160.0,2910000.0
973.00-974.00,2850816.0,2850000.0
974.00-975.00,1867776.0,1870000.0
975.00-976.00,2859008.0,2860000.0
976.00-977.00,1646592.0,1640000.0
977.00-978.00,0.00,0.00
978.00-979.00,0.00,0.00
979.00-980.00,1884160.0,1890000.0
980.00-981.00,1015808.0,1020000.0
981.00-982.00,2744320.0,2750000.0
982.00-983.00,3997696.0,4000000.0
983.00-984.00,2228224.0,2220000.0
984.00-985.00,0.00,0.00
985.00-986.00,0.00,0.00
986.00-987.00,2908160.0,2910000.0
987.00-988.00,3358720.0,3360000.0
988.00-989.00,2834432.0,2840000.0
989.00-990.00,1294336.0,1300000.0
990.00-991.00,1474560.0,1470000.0
991.00-992.00,0.00,0.00
992.00-993.00,0.00,0.00
993.00-994.00,1294336.0,1300000.0
994.00-995.00,2326528.0,2330000.0
995.00-996.00,2973696.0,2980000.0
996.00-997.00,2121728.0,2120000.0
997.00-998.00,1843200.0,1840000.0
998.00-999.00,312934.4,312000.0
999.00-1000.00,0.00,0.00
1000.00-1001.00,312934.4,313000.0
1001.00-1002.00,2990080.0,2990000.0
1002.00-1003.00,2686976.0,2690000.0
1003.00-1004.00,3530752.0,3530000.0
1004.00-1005.00,3366912.0,3370000.0
1005.00-1006.00,843776.0,845000.0
1006.00-1007.00,0.00,0.00
1007.00-1008.00,0.00,0.00
1008.00-1009.00,1114112.0,1110000.0
1009.00-1010.00,2129920.0,2130000.0
1010.00-1011.00,2678784.0,2680000.0
1011.00-1012.00,2940928.0,2940000.0
1012.00-1013.00,2007040.0,2000000.0
1013.00-1014.00,0.00,0.00
1014.00-1015.00,0.00,0.00
1015.00-1016.00,2400256.0,2400000.0
1016.00-1017.00,2932736.0,2930000.0
1017.00-1018.00,3194880.0,3200000.0
1018.00-1019.00,3014656.0,3010000.0
1019.00-1020.00,1564672.0,1560000.0
1020.00-1021.00,0.00,0.00
1021.00-1022.00,0.00,0.00
1022.00-1023.00,1171456.0,1170000.0
1023.00-1024.00,2260992.0,2260000.0
1024.00-1025.00,2301952.0,2310000.0
1025.00-1026.00,3670016.0,3670000.0
1026.00-1027.00,3473408.0,3480000.0
1027.00-1028.00,0.00,0.00
1028.00-1029.00,0.00,0.00
1029.00-1030.00,590643.2,591000.0
1030.00-1031.00,428441.6,429000.0
1031.00-1032.00,764313.6,765000.0
1032.00-1033.00,1204224.0,1200000.0
1033.00-1034.00,1548288.0,1550000.0
1034.00-1035.00,11550.72,11600.0
1035.00-1036.00,0.00,0.00
1036.00-1037.00,775782.4,777000.0
1037.00-1038.00,1990656.0,1990000.0
1038.00-1039.00,4284416.0,4290000.0
1039.00-1040.00,2826240.0,2830000.0
1040.00-1041.00,3940352.0,3940000.0
1041.00-1042.00,1630208.0,1630000.0
1042.00-1043.00,0.00,0.00
1043.00-1044.00,46366.72,46400.0
1044.00-1045.00,1622016.0,1620000.0
1045.00-1046.00,3883008.0,3880000.0
1046.00-1047.00,2490368.0,2490000.0
1047.00-1048.00,2318336.0,2320000.0
1048.00-1049.00,1875968.0,1880000.0
1049.00-1050.00,0.00,0.00
1050.00-1051.00,0.00,0.00
1051.00-1052.00,1867776.0,1870000.0
1052.00-1053.00,2514944.0,2510000.0
1053.00-1054.00,3244032.0,3240000.0
1054.00-1055.00,3833856.0,3830000.0
1055.00-1056.00,1884160.0,1890000.0
1056.00-1057.00,0.00,0.00
1057.00-1058.00,0.00,0.00
1058.00-1059.00,942080.0,939000.0
1059.00-1060.00,2408448.0,2410000.0
1060.00-1061.00,3809280.0,3810000.0
1061.00-1062.00,4694016.0,4690000.0
1062.00-1063.00,3014656.0,3010000.0
1063.00-1064.00,150732.8,150000.0
1064.00-1065.00,0.00,0.00
1065.00-1066.00,1687552.0,1690000.0
1066.00-1067.00,2826240.0,2830000.0
1067.00-1068.00,2547712.0,2550000.0
1068.00-1069.00,2301952.0,2310000.0
1069.00-1070.00,2883584.0,2880000.0
1070.00-1071.00,799539.2,799000.0
1071.00-1072.00,0.00,0.00
1072.00-1073.00,544768.0,545000.0
1073.00-1074.00,1351680.0,1360000.0
1074.00-1075.00,3637248.0,3640000.0
1075.00-1076.00,4194304.0,4190000.0000000005
1076.00-1077.00,2908160.0,2910000.0
1077.00-1078.00,1490944.0,1490000.0
1078.00-1079.00,0.00,0.00
1079.00-1080.00,0.00,0.00
1080.00-1081.00,2990080.0,2990000.0
1081.00-1082.00,4046848.0,4040000.0
1082.00-1083.00,4218880.0,4220000.0
1083.00-1084.00,2965504.0,2970000.0
1084.00-1085.00,2760704.0,2760000.0
1085.00-1086.00,0.00,0.00
1086.00-1087.00,0.00,0.00
1087.00-1088.00,1392640.0,1390000.0
1088.00-1089.00,4087808.0,4090000.0
1089.00-1090.00,4227072.0,4230000.0
1090.00-1091.00,3293184.0,3290000.0
1091.00-1092.00,2285568.0,2280000.0
1092.00-1093.00,0.00,0.00
1093.00-1094.00,0.00,0.00
1094.00-1095.00,1351680.0,1360000.0
1095.00-1096.00,2686976.0,2690000.0
1096.00-1097.00,3612672.0,3610000.0
1097.00-1098.00,2621440.0,2620000.0
1098.00-1099.00,3440640.0,3440000.0
1099.00-1100.00,335872.0,336000.0
1100.00-1101.00,0.00,0.00
1101.00-1102.00,1548288.0,1550000.0
1102.00-1103.00,2916352.0,2920000.0
1103.00-1104.00,2015232.0,2020000.0
1104.00-1105.00,3686400.0,3680000.0
1105.00-1106.00,3981312.0,3980000.0
1106.00-1107.00,942080.0,938000.0
1107.00-1108.00,0.00,0.00
1108.00-1109.00,799539.2,800000.0
1109.00-1110.00,2850816.0,2850000.0
1110.00-1111.00,868352.0,869000.0
1111.00-1112.00,2850816.0,2850000.0
1112.00-1113.00,3670016.0,3670000.0
1113.00-1114.00,901120.0,903000.0
1114.00-1115.00,0.00,0.00
1115.00-1116.00,0.00,0.00
1116.00-1117.00,942080.0,939000.0
1117.00-1118.00,486604.8,487000.0
1118.00-1119.00,2973696.0,2980000.0
1119.00-1120.00,3309568.0,3310000.0
1120.00-1121.00,2564096.0,2560000.0
1121.00-1122.00,0.00,0.00
1122.00-1123.00,0.00,0.00
1123.00-1124.00,1277952.0,1280000.0
1124.00-1125.00,2678784.0,2680000.0
1125.00-1126.00,2408448.0,2410000.0
1126.00-1127.00,4718592.0,4710000.0
1127.00-1128.00,3211264.0,3210000.0
1128.00-1129.00,0.00,0.00
1129.00-1130.00,0.00,0.00
1130.00-1131.00,1335296.0,1330000.0
1131.00-1132.00,2580480.0,2580000.0
1132.00-1133.00,917504.0,915000.0
1133.00-1134.00,1703936.0,1700000.0
1134.00-1135.00,3825664.0,3820000.0
1135.00-1136.00,416972.8,417000.0
1136.00-1137.00,0.00,0.00
1137.00-1138.00,788070.4,788000.0
1138.00-1139.00,2875392.0,2870000.0
1139.00-1140.00,3727360.0,3730000.0
1140.00-1141.00,3555328.0,3560000.0
1141.00-1142.00,3997696.0,4000000.0
1142.00-1143.00,1056768.0,1050000.0
1143.00-1144.00,0.00,0.00
1144.00-1145.00,11550.72,11600.0
1145.00-1146.00,819200.0,822000.0
1146.00-1147.00,843776.0,846000.0
1147.00-1148.00,2654208.0,2650000.0
1148.00-1149.00,2678784.0,2680000.0
1149.00-1150.00,1458176.0,1460000.0
=======
728.00-729.00,78233.6,626000.0
729.00-730.00,160768.0,1290000.0
730.00-731.00,50688.0,405000.0
731.00-732.00,24576.0,197000.0
732.00-733.00,0.00,0.00
733.00-734.00,56422.4,452000.0
734.00-735.00,79667.2,637000.0
735.00-736.00,85401.6,683000.0
736.00-737.00,52121.6,417000.0
737.00-738.00,115712.0,927000.0
738.00-739.00,15974.4,127000.0
739.00-740.00,0.00,0.00
740.00-741.00,0.00,0.00
741.00-742.00,143360.0,1150000.0
742.00-743.00,85401.6,683000.0
743.00-744.00,191488.0,1530000.0
744.00-745.00,37683.2,301000.0
745.00-746.00,159744.0,1270000.0
746.00-747.00,0.00,0.00
747.00-748.00,0.00,0.00
748.00-749.00,0.00,0.00
749.00-750.00,57958.4,464000.0
750.00-751.00,40550.4,324000.0
751.00-752.00,151552.0,1220000.0
752.00-753.00,47820.8,382000.0
753.00-754.00,0.00,0.00
754.00-755.00,0.00,0.00
755.00-756.00,66560.0,533000.0
756.00-757.00,49254.4,394000.0
757.00-758.00,101376.0,811000.0
758.00-759.00,311296.0,2490000.0
759.00-760.00,539648.0,4320000.0
760.00-761.00,37683.2,301000.0
761.00-762.00,0.00,0.00
762.00-763.00,75264.0,603000.0
763.00-764.00,289792.0,2320000.0
764.00-765.00,310272.0,2480000.0
765.00-766.00,370688.0,2970000.0
766.00-767.00,399360.0,3200000.0
767.00-768.00,104448.0,833000.0
768.00-769.00,0.00,0.00
769.00-770.00,72396.8,580000.0
770.00-771.00,98508.8,788000.0
771.00-772.00,196608.0,1580000.0
772.00-773.00,251904.0,2020000.0
773.00-774.00,262144.0,2100000.0
774.00-775.00,1443.84,11600.0
775.00-776.00,0.00,0.00
776.00-777.00,0.00,0.00
777.00-778.00,137216.0,1100000.0
778.00-779.00,304128.0,2430000.0
779.00-780.00,377856.0,3020000.0
780.00-781.00,366592.0,2930000.0
781.00-782.00,282624.0,2260000.0
782.00-783.00,0.00,0.00
783.00-784.00,0.00,0.00
784.00-785.00,0.00,0.00
785.00-786.00,44851.2,359000.0
786.00-787.00,119808.0,962000.0
787.00-788.00,157696.0,1260000.0
788.00-789.00,47820.8,382000.0
789.00-790.00,0.00,0.00
790.00-791.00,0.00,0.00
791.00-792.00,63692.8,510000.0
792.00-793.00,41984.0,336000.0
793.00-794.00,186368.0,1490000.0
794.00-795.00,223232.0,1780000.0
795.00-796.00,402432.0,3220000.0
796.00-797.00,49254.4,394000.0
797.00-798.00,0.00,0.00
798.00-799.00,62259.2,499000.0
799.00-800.00,171008.0,1370000.0
800.00-801.00,317440.0,2540000.0
801.00-802.00,441344.0,3530000.0
802.00-803.00,551936.0,4410000.0
803.00-804.00,178176.0,1420000.0
804.00-805.00,0.00,0.00
805.00-806.00,0.00,0.00
806.00-807.00,114688.0,916000.0
807.00-808.00,371712.0,2980000.0
808.00-809.00,331776.0,2650000.0
809.00-810.00,447488.0,3580000.0
810.00-811.00,203776.0,1630000.0
811.00-812.00,0.00,0.00
812.00-813.00,0.00,0.00
813.00-814.00,297984.0,2390000.0
814.00-815.00,441344.0,3530000.0
815.00-816.00,331776.0,2650000.0
816.00-817.00,373760.0,2990000.0
817.00-818.00,317440.0,2540000.0
818.00-819.00,0.00,0.00
819.00-820.00,0.00,0.00
820.00-821.00,39116.8,313000.0
821.00-822.00,81100.8,649000.0
822.00-823.00,150528.0,1200000.0
823.00-824.00,259072.0,2069999.9999999998
824.00-825.00,279552.0,2240000.0
825.00-826.00,14438.4,116000.0
826.00-827.00,0.00,0.00
827.00-828.00,8683.52,69600.0
828.00-829.00,156672.0,1250000.0
829.00-830.00,143360.0,1150000.0
830.00-831.00,209920.0,1680000.0
831.00-832.00,109568.0,880000.0
832.00-833.00,23142.4,185000.0
833.00-834.00,0.00,0.00
834.00-835.00,62259.2,499000.0
835.00-836.00,167936.0,1340000.0
836.00-837.00,68096.0,544000.0
837.00-838.00,174080.0,1390000.0
838.00-839.00,49254.4,394000.0
839.00-840.00,21708.8,174000.0
840.00-841.00,0.00,0.00
841.00-842.00,0.00,0.00
842.00-843.00,40550.4,325000.0
843.00-844.00,114688.0,915000.0
844.00-845.00,98508.8,788000.0
845.00-846.00,102400.0,822000.0
846.00-847.00,60825.6,486000.0
847.00-848.00,0.00,0.00
848.00-849.00,0.00,0.00
849.00-850.00,69529.6,557000.0
850.00-851.00,54988.8,440000.0
851.00-852.00,115712.0,927000.0
852.00-853.00,59392.0,475000.0
853.00-854.00,82534.4,660000.0
854.00-855.00,5795.84,46300.0
855.00-856.00,0.00,0.00
856.00-857.00,0.00,0.00
857.00-858.00,70963.2,568000.0
858.00-859.00,75264.0,602000.0
859.00-860.00,70963.2,568000.0
860.00-861.00,49254.4,394000.0
861.00-862.00,4341.76,34700.0
862.00-863.00,0.00,0.00
863.00-864.00,50688.0,406000.0
864.00-865.00,105472.0,846000.0
865.00-866.00,95539.2,765000.0
866.00-867.00,65126.4,521000.0
867.00-868.00,81100.8,649000.0
868.00-869.00,23142.4,185000.0
869.00-870.00,0.00,0.00
870.00-871.00,15974.4,128000.0
871.00-872.00,86835.2,695000.0
872.00-873.00,62259.2,498000.0
873.00-874.00,59392.0,475000.0
874.00-875.00,56422.4,452000.0
875.00-876.00,44851.2,359000.0
876.00-877.00,0.00,0.00
877.00-878.00,0.00,0.00
878.00-879.00,105472.0,846000.0
879.00-880.00,86835.2,695000.0
880.00-881.00,39116.8,313000.0
881.00-882.00,47820.8,382000.0
882.00-883.00,70963.2,567000.0
883.00-884.00,2897.92,23200.0
884.00-885.00,0.00,0.00
885.00-886.00,91238.4,731000.0
886.00-887.00,270336.0,2170000.0
887.00-888.00,201728.0,1610000.0
888.00-889.00,227328.0,1820000.0
889.00-890.00,224256.0,1800000.0
890.00-891.00,0.00,0.00
891.00-892.00,0.00,0.00
892.00-893.00,115712.0,928000.0
893.00-894.00,349184.0,2790000.0
894.00-895.00,438272.0,3510000.0
895.00-896.00,237568.0,1900000.0
896.00-897.00,247808.0,1980000.0
897.00-898.00,36249.6,289000.0
898.00-899.00,0.00,0.00
899.00-900.00,73830.4,591000.0
900.00-901.00,327680.0,2620000.0
901.00-902.00,266240.0,2130000.0
902.00-903.00,325632.0,2610000.0
903.00-904.00,346112.0,2770000.0
904.00-905.00,109568.0,880000.0
905.00-906.00,0.00,0.00
906.00-907.00,0.00,0.00
907.00-908.00,328704.0,2630000.0
908.00-909.00,310272.0,2480000.0
909.00-910.00,133120.0,1070000.0
910.00-911.00,273408.0,2190000.0
911.00-912.00,129024.0,1030000.0
912.00-913.00,0.00,0.00
913.00-914.00,0.00,0.00
914.00-915.00,139264.0,1110000.0
915.00-916.00,332800.0,2660000.0
916.00-917.00,376832.0,3010000.0
917.00-918.00,250880.0,2000000.0
918.00-919.00,164864.0,1320000.0
919.00-920.00,0.00,0.00
920.00-921.00,0.00,0.00
921.00-922.00,161792.0,1300000.0
922.00-923.00,305152.0,2440000.0
923.00-924.00,320512.0,2560000.0
924.00-925.00,132096.0,1050000.0
925.00-926.00,356352.0,2850000.0
926.00-927.00,0.00,0.00
927.00-928.00,0.00,0.00
928.00-929.00,94105.6,754000.0
929.00-930.00,301056.0,2410000.0
930.00-931.00,168960.0,1360000.0
931.00-932.00,221184.0,1770000.0
932.00-933.00,475136.0,3800000.0
933.00-934.00,62259.2,498000.0
934.00-935.00,0.00,0.00
935.00-936.00,66560.0,533000.0
936.00-937.00,429056.0,3430000.0
937.00-938.00,437248.0,3500000.0
938.00-939.00,530432.0,4240000.0
939.00-940.00,402432.0,3220000.0
940.00-941.00,121856.0,973000.0
941.00-942.00,0.00,0.00
942.00-943.00,0.00,0.00
943.00-944.00,394240.0,3150000.0
944.00-945.00,335872.0,2690000.0
945.00-946.00,364544.0,2920000.0
946.00-947.00,338944.0,2710000.0
947.00-948.00,184320.0,1470000.0
948.00-949.00,0.00,0.00
949.00-950.00,0.00,0.00
950.00-951.00,78233.6,626000.0
951.00-952.00,212992.0,1700000.0
952.00-953.00,273408.0,2190000.0
953.00-954.00,301056.0,2410000.0
954.00-955.00,384000.0,3070000.0
955.00-956.00,0.00,0.00
956.00-957.00,0.00,0.00
957.00-958.00,126976.0,1020000.0
958.00-959.00,404480.0,3230000.0
959.00-960.00,419840.0,3360000.0
960.00-961.00,411648.0,3290000.0
961.00-962.00,391168.0,3130000.0
962.00-963.00,14438.4,116000.0
963.00-964.00,0.00,0.00
964.00-965.00,112640.0,904000.0
965.00-966.00,171008.0,1370000.0
966.00-967.00,360448.0,2880000.0
967.00-968.00,275456.0,2200000.0
968.00-969.00,384000.0,3070000.0
969.00-970.00,121856.0,972000.0
970.00-971.00,0.00,0.00
971.00-972.00,40550.4,325000.0
972.00-973.00,363520.0,2910000.0
973.00-974.00,356352.0,2850000.0
974.00-975.00,233472.0,1870000.0
975.00-976.00,357376.0,2860000.0
976.00-977.00,205824.0,1640000.0
977.00-978.00,0.00,0.00
978.00-979.00,0.00,0.00
979.00-980.00,235520.0,1890000.0
980.00-981.00,126976.0,1020000.0
981.00-982.00,343040.0,2750000.0
982.00-983.00,499712.0,4000000.0
983.00-984.00,278528.0,2220000.0
984.00-985.00,0.00,0.00
985.00-986.00,0.00,0.00
986.00-987.00,363520.0,2910000.0
987.00-988.00,419840.0,3360000.0
988.00-989.00,354304.0,2840000.0
989.00-990.00,161792.0,1300000.0
990.00-991.00,184320.0,1470000.0
991.00-992.00,0.00,0.00
992.00-993.00,0.00,0.00
993.00-994.00,161792.0,1300000.0
994.00-995.00,290816.0,2330000.0
995.00-996.00,371712.0,2980000.0
996.00-997.00,265216.0,2120000.0
997.00-998.00,230400.0,1840000.0
998.00-999.00,39116.8,312000.0
999.00-1000.00,0.00,0.00
1000.00-1001.00,39116.8,313000.0
1001.00-1002.00,373760.0,2990000.0
1002.00-1003.00,335872.0,2690000.0
1003.00-1004.00,441344.0,3530000.0
1004.00-1005.00,420864.0,3370000.0
1005.00-1006.00,105472.0,845000.0
1006.00-1007.00,0.00,0.00
1007.00-1008.00,0.00,0.00
1008.00-1009.00,139264.0,1110000.0
1009.00-1010.00,266240.0,2130000.0
1010.00-1011.00,334848.0,2680000.0
1011.00-1012.00,367616.0,2940000.0
1012.00-1013.00,250880.0,2000000.0
1013.00-1014.00,0.00,0.00
1014.00-1015.00,0.00,0.00
1015.00-1016.00,300032.0,2400000.0
1016.00-1017.00,366592.0,2930000.0
1017.00-1018.00,399360.0,3200000.0
1018.00-1019.00,376832.0,3010000.0
1019.00-1020.00,195584.0,1560000.0
1020.00-1021.00,0.00,0.00
1021.00-1022.00,0.00,0.00
1022.00-1023.00,146432.0,1170000.0
1023.00-1024.00,282624.0,2260000.0
1024.00-1025.00,287744.0,2310000.0
1025.00-1026.00,458752.0,3670000.0
1026.00-1027.00,434176.0,3480000.0
1027.00-1028.00,0.00,0.00
1028.00-1029.00,0.00,0.00
1029.00-1030.00,73830.4,591000.0
1030.00-1031.00,53555.2,429000.0
1031.00-1032.00,95539.2,765000.0
1032.00-1033.00,150528.0,1200000.0
1033.00-1034.00,193536.0,1550000.0
1034.00-1035.00,1443.84,11600.0
1035.00-1036.00,0.00,0.00
1036.00-1037.00,96972.8,777000.0
1037.00-1038.00,248832.0,1990000.0
1038.00-1039.00,535552.0,4290000.0
1039.00-1040.00,353280.0,2830000.0
1040.00-1041.00,492544.0,3940000.0
1041.00-1042.00,203776.0,1630000.0
1042.00-1043.00,0.00,0.00
1043.00-1044.00,5795.84,46400.0
1044.00-1045.00,202752.0,1620000.0
1045.00-1046.00,485376.0,3880000.0
1046.00-1047.00,311296.0,2490000.0
1047.00-1048.00,289792.0,2320000.0
1048.00-1049.00,234496.0,1880000.0
1049.00-1050.00,0.00,0.00
1050.00-1051.00,0.00,0.00
1051.00-1052.00,233472.0,1870000.0
1052.00-1053.00,314368.0,2510000.0
1053.00-1054.00,405504.0,3240000.0
1054.00-1055.00,479232.0,3830000.0
1055.00-1056.00,235520.0,1890000.0
1056.00-1057.00,0.00,0.00
1057.00-1058.00,0.00,0.00
1058.00-1059.00,117760.0,939000.0
1059.00-1060.00,301056.0,2410000.0
1060.00-1061.00,476160.0,3810000.0
1061.00-1062.00,586752.0,4690000.0
1062.00-1063.00,376832.0,3010000.0
1063.00-1064.00,18841.6,150000.0
1064.00-1065.00,0.00,0.00
1065.00-1066.00,210944.0,1690000.0
1066.00-1067.00,353280.0,2830000.0
1067.00-1068.00,318464.0,2550000.0
1068.00-1069.00,287744.0,2310000.0
1069.00-1070.00,360448.0,2880000.0
1070.00-1071.00,99942.4,799000.0
1071.00-1072.00,0.00,0.00
1072.00-1073.00,68096.0,545000.0
1073.00-1074.00,168960.0,1360000.0
1074.00-1075.00,454656.0,3640000.0
1075.00-1076.00,524288.0,4190000.0000000005
1076.00-1077.00,363520.0,2910000.0
1077.00-1078.00,186368.0,1490000.0
1078.00-1079.00,0.00,0.00
1079.00-1080.00,0.00,0.00
1080.00-1081.00,373760.0,2990000.0
1081.00-1082.00,505856.0,4040000.0
1082.00-1083.00,527360.0,4220000.0
1083.00-1084.00,370688.0,2970000.0
1084.00-1085.00,345088.0,2760000.0
1085.00-1086.00,0.00,0.00
1086.00-1087.00,0.00,0.00
1087.00-1088.00,174080.0,1390000.0
1088.00-1089.00,510976.0,4090000.0
1089.00-1090.00,528384.0,4230000.0
1090.00-1091.00,411648.0,3290000.0
1091.00-1092.00,285696.0,2280000.0
1092.00-1093.00,0.00,0.00
1093.00-1094.00,0.00,0.00
1094.00-1095.00,168960.0,1360000.0
1095.00-1096.00,335872.0,2690000.0
1096.00-1097.00,451584.0,3610000.0
1097.00-1098.00,327680.0,2620000.0
1098.00-1099.00,430080.0,3440000.0
1099.00-1100.00,41984.0,336000.0
1100.00-1101.00,0.00,0.00
1101.00-1102.00,193536.0,1550000.0
1102.00-1103.00,364544.0,2920000.0
1103.00-1104.00,251904.0,2020000.0
1104.00-1105.00,460800.0,3680000.0
1105.00-1106.00,497664.0,3980000.0
1106.00-1107.00,117760.0,938000.0
1107.00-1108.00,0.00,0.00
1108.00-1109.00,99942.4,800000.0
1109.00-1110.00,356352.0,2850000.0
1110.00-1111.00,108544.0,869000.0
1111.00-1112.00,356352.0,2850000.0
1112.00-1113.00,458752.0,3670000.0
1113.00-1114.00,112640.0,903000.0
1114.00-1115.00,0.00,0.00
1115.00-1116.00,0.00,0.00
1116.00-1117.00,117760.0,939000.0
1117.00-1118.00,60825.6,487000.0
1118.00-1119.00,371712.0,2980000.0
1119.00-1120.00,413696.0,3310000.0
1120.00-1121.00,320512.0,2560000.0
1121.00-1122.00,0.00,0.00
1122.00-1123.00,0.00,0.00
1123.00-1124.00,159744.0,1280000.0
1124.00-1125.00,334848.0,2680000.0
1125.00-1126.00,301056.0,2410000.0
1126.00-1127.00,589824.0,4710000.0
1127.00-1128.00,401408.0,3210000.0
1128.00-1129.00,0.00,0.00
1129.00-1130.00,0.00,0.00
1130.00-1131.00,166912.0,1330000.0
1131.00-1132.00,322560.0,2580000.0
1132.00-1133.00,114688.0,915000.0
1133.00-1134.00,212992.0,1700000.0
1134.00-1135.00,478208.0,3820000.0
1135.00-1136.00,52121.6,417000.0
1136.00-1137.00,0.00,0.00
1137.00-1138.00,98508.8,788000.0
1138.00-1139.00,359424.0,2870000.0
1139.00-1140.00,465920.0,3730000.0
1140.00-1141.00,444416.0,3560000.0
1141.00-1142.00,499712.0,4000000.0
1142.00-1143.00,132096.0,1050000.0
1143.00-1144.00,0.00,0.00
1144.00-1145.00,1443.84,11600.0
1145.00-1146.00,102400.0,822000.0
1146.00-1147.00,105472.0,846000.0
1147.00-1148.00,331776.0,2650000.0
1148.00-1149.00,334848.0,2680000.0
1149.00-1150.00,182272.0,1460000.0
>>>>>>> adbc8e2aecd1d7e96c6211d9d80f1a8917e6aa1b
1150.00-1151.00,0.00,0.00
1151.00-1152.00,0.00,0.00
1152.00-1153.00,0.00,0.00
1153.00-1154.00,0.00,0.00
1154.00-1155.00,0.00,0.00
<<<<<<< HEAD
1155.00-1156.00,1867776.0,1870000.0
1156.00-1157.00,2064384.0,2060000.0
1157.00-1158.00,0.00,0.00
1158.00-1159.00,0.00,0.00
1159.00-1160.00,1212416.0,1220000.0
1160.00-1161.00,2629632.0,2630000.0
1161.00-1162.00,3940352.0,3940000.0
1162.00-1163.00,3055616.0,3060000.0
1163.00-1164.00,2834432.0,2840000.0
1164.00-1165.00,0.00,0.00
1165.00-1166.00,0.00,0.00
1166.00-1167.00,694681.6,696000.0
1167.00-1168.00,2621440.0,2620000.0
1168.00-1169.00,3694592.0,3700000.0
1169.00-1170.00,3252224.0,3260000.0
1170.00-1171.00,3866624.0,3870000.0
1171.00-1172.00,660275.2,660000.0
1172.00-1173.00,0.00,0.00
1173.00-1174.00,567705.6,568000.0
1174.00-1175.00,1392640.0,1390000.0
1175.00-1176.00,2547712.0,2550000.0
1176.00-1177.00,2293760.0,2290000.0
1177.00-1178.00,1138688.0,1140000.0
1178.00-1179.00,788070.4,787000.0
1179.00-1180.00,0.00,0.00
1180.00-1181.00,0.00,0.00
1181.00-1182.00,741376.0,742000.0
1182.00-1183.00,1654784.0,1660000.0
1183.00-1184.00,660275.2,660000.0
1184.00-1185.00,1482752.0,1480000.0
1185.00-1186.00,1449984.0,1450000.0
1186.00-1187.00,0.00,0.00
1187.00-1188.00,0.00,0.00
1188.00-1189.00,1482752.0,1480000.0
1189.00-1190.00,1490944.0,1490000.0
1190.00-1191.00,4136960.0,4139999.9999999995
1191.00-1192.00,3244032.0,3240000.0
1192.00-1193.00,2940928.0,2940000.0
1193.00-1194.00,0.00,0.00
1194.00-1195.00,0.00,0.00
1195.00-1196.00,1449984.0,1450000.0
1196.00-1197.00,1908736.0,1910000.0
1197.00-1198.00,2375680.0,2370000.0
1198.00-1199.00,3776512.0,3780000.0
1199.00-1200.00,2875392.0,2870000.0
1200.00-1201.00,127795.2,127000.0
1201.00-1202.00,0.00,0.00
1202.00-1203.00,1351680.0,1360000.0
1203.00-1204.00,3186688.0,3190000.0
1204.00-1205.00,3858432.0,3860000.0
1205.00-1206.00,3383296.0,3380000.0
1206.00-1207.00,3432448.0,3430000.0
1207.00-1208.00,3981312.0,3980000.0
1208.00-1209.00,2883584.0,2880000.0
1209.00-1210.00,3522560.0,3520000.0
1210.00-1211.00,3080192.0,3080000.0
1211.00-1212.00,3465216.0,3460000.0
1212.00-1213.00,1228800.0,1230000.0
1213.00-1214.00,3694592.0,3700000.0
1214.00-1215.00,3506176.0,3510000.0
1215.00-1216.00,3694592.0,3700000.0
1216.00-1217.00,3072000.0,3070000.0
1217.00-1218.00,2883584.0,2880000.0
1218.00-1219.00,0.00,0.00
1219.00-1220.00,0.00,0.00
1220.00-1221.00,139264.0,139000.0
1221.00-1222.00,1712128.0,1710000.0
1222.00-1223.00,2637824.0,2640000.0
1223.00-1224.00,2424832.0,2420000.0
1224.00-1225.00,2039808.0,2040000.0
1225.00-1226.00,416972.8,417000.0
1226.00-1227.00,0.00,0.00
1227.00-1228.00,0.00,0.00
1228.00-1229.00,1884160.0,1890000.0
1229.00-1230.00,2023424.0,2029999.9999999998
1230.00-1231.00,1728512.0,1730000.0
1231.00-1232.00,3350528.0,3350000.0
1232.00-1233.00,1728512.0,1730000.0
1233.00-1234.00,0.00,0.00
1234.00-1235.00,0.00,0.00
1235.00-1236.00,1736704.0,1740000.0
1236.00-1237.00,868352.0,869000.0
1237.00-1238.00,1712128.0,1710000.0
1238.00-1239.00,2654208.0,2650000.0
1239.00-1240.00,2146304.0,2140000.0
1240.00-1241.00,0.00,0.00
1241.00-1242.00,0.00,0.00
1242.00-1243.00,901120.0,904000.0
1243.00-1244.00,2637824.0,2640000.0
1244.00-1245.00,3276800.0,3280000.0
1245.00-1246.00,2859008.0,2860000.0
1246.00-1247.00,3432448.0,3430000.0
1247.00-1248.00,0.00,0.00
1248.00-1249.00,0.00,0.00
1249.00-1250.00,1785856.0,1790000.0
1250.00-1251.00,2850816.0,2850000.0
1251.00-1252.00,2990080.0,2990000.0
1252.00-1253.00,1884160.0,1890000.0
1253.00-1254.00,2801664.0,2800000.0
1254.00-1255.00,69468.16,69400.0
1255.00-1256.00,0.00,0.00
1256.00-1257.00,1081344.0,1080000.0
1257.00-1258.00,4136960.0,4139999.9999999995
1258.00-1259.00,4005888.0,4010000.0
1259.00-1260.00,5603328.0,5610000.0
1260.00-1261.00,3055616.0,3060000.0
1261.00-1262.00,613580.8,614000.0
1262.00-1263.00,0.00,0.00
1263.00-1264.00,729907.2,730000.0
1264.00-1265.00,3080192.0,3080000.0
1265.00-1266.00,3137536.0,3140000.0
1266.00-1267.00,3080192.0,3080000.0
1267.00-1268.00,1679360.0,1680000.0
1268.00-1269.00,590643.2,590000.0
1269.00-1270.00,0.00,0.00
1270.00-1271.00,0.00,0.00
1271.00-1272.00,1310720.0,1310000.0
1272.00-1273.00,3465216.0,3460000.0
1273.00-1274.00,2744320.0,2750000.0
1274.00-1275.00,2695168.0,2700000.0
1275.00-1276.00,2105344.0,2110000.0
1276.00-1277.00,0.00,0.00
1277.00-1278.00,0.00,0.00
1278.00-1279.00,819200.0,823000.0
1279.00-1280.00,3530752.0,3530000.0
1280.00-1281.00,3530752.0,3530000.0
1281.00-1282.00,4145152.0,4150000.0000000005
1282.00-1283.00,3588096.0,3590000.0
1283.00-1284.00,0.00,0.00
1284.00-1285.00,0.00,0.00
1285.00-1286.00,2072576.0,2080000.0
1286.00-1287.00,3612672.0,3610000.0
1287.00-1288.00,4366336.0,4370000.0
1288.00-1289.00,4087808.0,4090000.0
1289.00-1290.00,3383296.0,3380000.0
1290.00-1291.00,231833.6,231000.0
1291.00-1292.00,0.00,0.00
1292.00-1293.00,1089536.0,1090000.0
1293.00-1294.00,3137536.0,3140000.0
1294.00-1295.00,3612672.0,3610000.0
1295.00-1296.00,2342912.0,2340000.0
1296.00-1297.00,2908160.0,2910000.0
1297.00-1298.00,843776.0,845000.0
1298.00-1299.00,0.00,0.00
1299.00-1300.00,150732.8,151000.0
1300.00-1301.00,3407872.0,3410000.0
1301.00-1302.00,2932736.0,2930000.0
1302.00-1303.00,3465216.0,3460000.0
1303.00-1304.00,2965504.0,2970000.0
1304.00-1305.00,1015808.0,1020000.0
1305.00-1306.00,0.00,0.00
1306.00-1307.00,0.00,0.00
1307.00-1308.00,1957888.0,1960000.0
1308.00-1309.00,2260992.0,2260000.0
1309.00-1310.00,2777088.0,2780000.0
1310.00-1311.00,3547136.0,3540000.0
1311.00-1312.00,2859008.0,2860000.0
1312.00-1313.00,0.00,0.00
1313.00-1314.00,0.00,0.00
1314.00-1315.00,1622016.0,1620000.0
1315.00-1316.00,2293760.0,2290000.0
1316.00-1317.00,2351104.0,2350000.0
1317.00-1318.00,1646592.0,1640000.0
1318.00-1319.00,2629632.0,2630000.0
1319.00-1320.00,0.00,0.00
1320.00-1321.00,0.00,0.00
1321.00-1322.00,1490944.0,1500000.0
1322.00-1323.00,2850816.0,2850000.0
1323.00-1324.00,2490368.0,2490000.0
1324.00-1325.00,2859008.0,2860000.0
1325.00-1326.00,4030464.0,4030000.0000000005
1326.00-1327.00,394035.2,394000.0
1327.00-1328.00,0.00,0.00
1328.00-1329.00,775782.4,777000.0
1329.00-1330.00,2457600.0,2460000.0
1330.00-1331.00,3891200.0,3890000.0
1331.00-1332.00,2940928.0,2940000.0
1332.00-1333.00,3244032.0,3240000.0
1333.00-1334.00,1540096.0,1540000.0
1334.00-1335.00,0.00,0.00
1335.00-1336.00,0.00,0.00
1336.00-1337.00,2236416.0,2240000.0
1337.00-1338.00,4087808.0,4090000.0
1338.00-1339.00,4194304.0,4190000.0000000005
1339.00-1340.00,3366912.0,3370000.0
1340.00-1341.00,2326528.0,2330000.0
1341.00-1342.00,0.00,0.00
1342.00-1343.00,0.00,0.00
1343.00-1344.00,1310720.0,1310000.0
1344.00-1345.00,1687552.0,1690000.0
1345.00-1346.00,2285568.0,2280000.0
1346.00-1347.00,1351680.0,1360000.0
1347.00-1348.00,1761280.0,1760000.0
1348.00-1349.00,0.00,0.00
1349.00-1350.00,0.00,0.00
1350.00-1351.00,819200.0,823000.0
1351.00-1352.00,3293184.0,3290000.0
1352.00-1353.00,4866048.0,4870000.0
1353.00-1354.00,2654208.0,2650000.0
1354.00-1355.00,2351104.0,2350000.0
1355.00-1356.00,0.00,0.00
1356.00-1357.00,0.00,0.00
1357.00-1358.00,92569.6,92700.0
1358.00-1359.00,843776.0,846000.0
1359.00-1360.00,1884160.0,1890000.0
1360.00-1361.00,3219456.0,3220000.0
1361.00-1362.00,892928.0,891000.0
1362.00-1363.00,416972.8,417000.0
1363.00-1364.00,0.00,0.00
1364.00-1365.00,11550.72,11600.0
1365.00-1366.00,2318336.0,2320000.0
1366.00-1367.00,2187264.0,2190000.0
1367.00-1368.00,3219456.0,3220000.0
1368.00-1369.00,3047424.0,3050000.0
1369.00-1370.00,1089536.0,1090000.0
1370.00-1371.00,0.00,0.00
1371.00-1372.00,0.00,0.00
1372.00-1373.00,2048000.0,2049999.9999999998
1373.00-1374.00,3309568.0,3310000.0
1374.00-1375.00,3497984.0,3500000.0
1375.00-1376.00,2908160.0,2910000.0
1376.00-1377.00,1146880.0,1150000.0
1377.00-1378.00,0.00,0.00
1378.00-1379.00,0.00,0.00
1379.00-1380.00,1458176.0,1460000.0
1380.00-1381.00,843776.0,846000.0
1381.00-1382.00,3637248.0,3640000.0
1382.00-1383.00,3981312.0,3980000.0
1383.00-1384.00,2326528.0,2330000.0
1384.00-1385.00,0.00,0.00
1385.00-1386.00,0.00,0.00
1386.00-1387.00,775782.4,777000.0
1387.00-1388.00,1015808.0,1020000.0
1388.00-1389.00,2088960.0,2089999.9999999998
1389.00-1390.00,3416064.0,3420000.0
1390.00-1391.00,3112960.0,3120000.0
1391.00-1392.00,81100.8,81000.0
1392.00-1393.00,0.00,0.00
1393.00-1394.00,835584.0,835000.0
1394.00-1395.00,2007040.0,2000000.0
1395.00-1396.00,3031040.0,3040000.0
1396.00-1397.00,3309568.0,3310000.0
1397.00-1398.00,3244032.0,3240000.0
1398.00-1399.00,694681.6,695000.0
1399.00-1400.00,0.00,0.00
1400.00-1401.00,254771.2,255000.0
1401.00-1402.00,1712128.0,1710000.0
1402.00-1403.00,3014656.0,3010000.0
1403.00-1404.00,3866624.0,3870000.0
1404.00-1405.00,2318336.0,2320000.0
1405.00-1406.00,1212416.0,1220000.0
1406.00-1407.00,0.00,0.00
1407.00-1408.00,0.00,0.00
1408.00-1409.00,876544.0,881000.0
1409.00-1410.00,1785856.0,1780000.0
1410.00-1411.00,2269184.0,2270000.0
1411.00-1412.00,2457600.0,2460000.0
1412.00-1413.00,2793472.0,2790000.0
1413.00-1414.00,0.00,0.00
1414.00-1415.00,0.00,0.00
1415.00-1416.00,1433600.0,1440000.0
1416.00-1417.00,2244608.0,2250000.0
1417.00-1418.00,2695168.0,2700000.0
1418.00-1419.00,1392640.0,1390000.0
1419.00-1420.00,2850816.0,2850000.0
1420.00-1421.00,0.00,0.00
1421.00-1422.00,0.00,0.00
1422.00-1423.00,1818624.0,1820000.0
1423.00-1424.00,2777088.0,2780000.0
1424.00-1425.00,2662400.0,2660000.0
1425.00-1426.00,358809.6,359000.0
1426.00-1427.00,1114112.0,1110000.0
1427.00-1428.00,0.00,0.00
1428.00-1429.00,0.00,0.00
1429.00-1430.00,185139.2,186000.0
1430.00-1431.00,451379.2,452000.0
1431.00-1432.00,1425408.0,1420000.0
1432.00-1433.00,162201.6,162000.0
1433.00-1434.00,819200.0,823000.0
1434.00-1435.00,150732.8,150000.0
1435.00-1436.00,0.00,0.00
1436.00-1437.00,0.00,0.00
1437.00-1438.00,917504.0,916000.0
1438.00-1439.00,34734.08,34700.0
1439.00-1440.00,475136.0,475000.0
1440.00-1441.00,11550.72,11600.0
1441.00-1442.00,706969.6,706000.0
1442.00-1443.00,0.00,0.00
1443.00-1444.00,0.00,0.00
1444.00-1445.00,532480.0,533000.0
1445.00-1446.00,439910.4,440000.0
1446.00-1447.00,532480.0,533000.0
1447.00-1448.00,1622016.0,1620000.0
1448.00-1449.00,1318912.0,1320000.0
1449.00-1450.00,0.00,0.00
1450.00-1451.00,0.00,0.00
1451.00-1452.00,0.00,0.00
1452.00-1453.00,860160.0,858000.0
1453.00-1454.00,243302.4,243000.0
1454.00-1455.00,683212.8,684000.0
1455.00-1456.00,301465.6,301000.0
1456.00-1457.00,0.00,0.00
1457.00-1458.00,0.00,0.00
1458.00-1459.00,0.00,0.00
1459.00-1460.00,1007616.0,1010000.0
1460.00-1461.00,567705.6,568000.0
1461.00-1462.00,974848.0,973000.0
1462.00-1463.00,556236.8,556000.0
1463.00-1464.00,312934.4,313000.0
1464.00-1465.00,0.00,0.00
1465.00-1466.00,0.00,0.00
1466.00-1467.00,811008.0,812000.0
1467.00-1468.00,602112.0,602000.0
1468.00-1469.00,1286144.0,1290000.0
1469.00-1470.00,799539.2,799000.0
1470.00-1471.00,347340.8,347000.0
1471.00-1472.00,0.00,0.00
1472.00-1473.00,0.00,0.00
1473.00-1474.00,648806.4,649000.0
1474.00-1475.00,942080.0,939000.0
1475.00-1476.00,301465.6,301000.0
1476.00-1477.00,788070.4,788000.0
1477.00-1478.00,892928.0,892000.0
1478.00-1479.00,0.00,0.00
1479.00-1480.00,0.00,0.00
1480.00-1481.00,775782.4,777000.0
1481.00-1482.00,370278.4,371000.0
1482.00-1483.00,718438.4,718000.0
1483.00-1484.00,579174.4,579000.0
1484.00-1485.00,819200.0,823000.0
1485.00-1486.00,0.00,0.00
1486.00-1487.00,0.00,0.00
1487.00-1488.00,0.00,0.00
1488.00-1489.00,567705.6,568000.0
1489.00-1490.00,741376.0,741000.0
1490.00-1491.00,1589248.0,1590000.0
1491.00-1492.00,775782.4,776000.0
1492.00-1493.00,0.00,0.00
1493.00-1494.00,0.00,0.00
1494.00-1495.00,0.00,0.00
1495.00-1496.00,892928.0,893000.0
1496.00-1497.00,835584.0,834000.0
1497.00-1498.00,1007616.0,1010000.0
1498.00-1499.00,46366.72,46300.0
1499.00-1500.00,0.00,0.00
1500.00-1501.00,0.00,0.00
1501.00-1502.00,0.00,0.00
1502.00-1503.00,613580.8,615000.0
1503.00-1504.00,2162688.0,2170000.0
1504.00-1505.00,788070.4,787000.0
=======
1155.00-1156.00,233472.0,1870000.0
1156.00-1157.00,258048.0,2060000.0
1157.00-1158.00,0.00,0.00
1158.00-1159.00,0.00,0.00
1159.00-1160.00,151552.0,1220000.0
1160.00-1161.00,328704.0,2630000.0
1161.00-1162.00,492544.0,3940000.0
1162.00-1163.00,381952.0,3060000.0
1163.00-1164.00,354304.0,2840000.0
1164.00-1165.00,0.00,0.00
1165.00-1166.00,0.00,0.00
1166.00-1167.00,86835.2,696000.0
1167.00-1168.00,327680.0,2620000.0
1168.00-1169.00,461824.0,3700000.0
1169.00-1170.00,406528.0,3260000.0
1170.00-1171.00,483328.0,3870000.0
1171.00-1172.00,82534.4,660000.0
1172.00-1173.00,0.00,0.00
1173.00-1174.00,70963.2,568000.0
1174.00-1175.00,174080.0,1390000.0
1175.00-1176.00,318464.0,2550000.0
1176.00-1177.00,286720.0,2290000.0
1177.00-1178.00,142336.0,1140000.0
1178.00-1179.00,98508.8,787000.0
1179.00-1180.00,0.00,0.00
1180.00-1181.00,0.00,0.00
1181.00-1182.00,92672.0,742000.0
1182.00-1183.00,206848.0,1660000.0
1183.00-1184.00,82534.4,660000.0
1184.00-1185.00,185344.0,1480000.0
1185.00-1186.00,181248.0,1450000.0
1186.00-1187.00,0.00,0.00
1187.00-1188.00,0.00,0.00
1188.00-1189.00,185344.0,1480000.0
1189.00-1190.00,186368.0,1490000.0
1190.00-1191.00,517120.0,4139999.9999999995
1191.00-1192.00,405504.0,3240000.0
1192.00-1193.00,367616.0,2940000.0
1193.00-1194.00,0.00,0.00
1194.00-1195.00,0.00,0.00
1195.00-1196.00,181248.0,1450000.0
1196.00-1197.00,238592.0,1910000.0
1197.00-1198.00,296960.0,2370000.0
1198.00-1199.00,472064.0,3780000.0
1199.00-1200.00,359424.0,2870000.0
1200.00-1201.00,15974.4,127000.0
1201.00-1202.00,0.00,0.00
1202.00-1203.00,168960.0,1360000.0
1203.00-1204.00,398336.0,3190000.0
1204.00-1205.00,482304.0,3860000.0
1205.00-1206.00,422912.0,3380000.0
1206.00-1207.00,429056.0,3430000.0
1207.00-1208.00,497664.0,3980000.0
1208.00-1209.00,360448.0,2880000.0
1209.00-1210.00,440320.0,3520000.0
1210.00-1211.00,385024.0,3080000.0
1211.00-1212.00,433152.0,3460000.0
1212.00-1213.00,153600.0,1230000.0
1213.00-1214.00,461824.0,3700000.0
1214.00-1215.00,438272.0,3510000.0
1215.00-1216.00,461824.0,3700000.0
1216.00-1217.00,384000.0,3070000.0
1217.00-1218.00,360448.0,2880000.0
1218.00-1219.00,0.00,0.00
1219.00-1220.00,0.00,0.00
1220.00-1221.00,17408.0,139000.0
1221.00-1222.00,214016.0,1710000.0
1222.00-1223.00,329728.0,2640000.0
1223.00-1224.00,303104.0,2420000.0
1224.00-1225.00,254976.0,2040000.0
1225.00-1226.00,52121.6,417000.0
1226.00-1227.00,0.00,0.00
1227.00-1228.00,0.00,0.00
1228.00-1229.00,235520.0,1890000.0
1229.00-1230.00,252928.0,2029999.9999999998
1230.00-1231.00,216064.0,1730000.0
1231.00-1232.00,418816.0,3350000.0
1232.00-1233.00,216064.0,1730000.0
1233.00-1234.00,0.00,0.00
1234.00-1235.00,0.00,0.00
1235.00-1236.00,217088.0,1740000.0
1236.00-1237.00,108544.0,869000.0
1237.00-1238.00,214016.0,1710000.0
1238.00-1239.00,331776.0,2650000.0
1239.00-1240.00,268288.0,2140000.0
1240.00-1241.00,0.00,0.00
1241.00-1242.00,0.00,0.00
1242.00-1243.00,112640.0,904000.0
1243.00-1244.00,329728.0,2640000.0
1244.00-1245.00,409600.0,3280000.0
1245.00-1246.00,357376.0,2860000.0
1246.00-1247.00,429056.0,3430000.0
1247.00-1248.00,0.00,0.00
1248.00-1249.00,0.00,0.00
1249.00-1250.00,223232.0,1790000.0
1250.00-1251.00,356352.0,2850000.0
1251.00-1252.00,373760.0,2990000.0
1252.00-1253.00,235520.0,1890000.0
1253.00-1254.00,350208.0,2800000.0
1254.00-1255.00,8683.52,69400.0
1255.00-1256.00,0.00,0.00
1256.00-1257.00,135168.0,1080000.0
1257.00-1258.00,517120.0,4139999.9999999995
1258.00-1259.00,500736.0,4010000.0
1259.00-1260.00,700416.0,5610000.0
1260.00-1261.00,381952.0,3060000.0
1261.00-1262.00,76697.6,614000.0
1262.00-1263.00,0.00,0.00
1263.00-1264.00,91238.4,730000.0
1264.00-1265.00,385024.0,3080000.0
1265.00-1266.00,392192.0,3140000.0
1266.00-1267.00,385024.0,3080000.0
1267.00-1268.00,209920.0,1680000.0
1268.00-1269.00,73830.4,590000.0
1269.00-1270.00,0.00,0.00
1270.00-1271.00,0.00,0.00
1271.00-1272.00,163840.0,1310000.0
1272.00-1273.00,433152.0,3460000.0
1273.00-1274.00,343040.0,2750000.0
1274.00-1275.00,336896.0,2700000.0
1275.00-1276.00,263168.0,2110000.0
1276.00-1277.00,0.00,0.00
1277.00-1278.00,0.00,0.00
1278.00-1279.00,102400.0,823000.0
1279.00-1280.00,441344.0,3530000.0
1280.00-1281.00,441344.0,3530000.0
1281.00-1282.00,518144.0,4150000.0000000005
1282.00-1283.00,448512.0,3590000.0
1283.00-1284.00,0.00,0.00
1284.00-1285.00,0.00,0.00
1285.00-1286.00,259072.0,2080000.0
1286.00-1287.00,451584.0,3610000.0
1287.00-1288.00,545792.0,4370000.0
1288.00-1289.00,510976.0,4090000.0
1289.00-1290.00,422912.0,3380000.0
1290.00-1291.00,28979.2,231000.0
1291.00-1292.00,0.00,0.00
1292.00-1293.00,136192.0,1090000.0
1293.00-1294.00,392192.0,3140000.0
1294.00-1295.00,451584.0,3610000.0
1295.00-1296.00,292864.0,2340000.0
1296.00-1297.00,363520.0,2910000.0
1297.00-1298.00,105472.0,845000.0
1298.00-1299.00,0.00,0.00
1299.00-1300.00,18841.6,151000.0
1300.00-1301.00,425984.0,3410000.0
1301.00-1302.00,366592.0,2930000.0
1302.00-1303.00,433152.0,3460000.0
1303.00-1304.00,370688.0,2970000.0
1304.00-1305.00,126976.0,1020000.0
1305.00-1306.00,0.00,0.00
1306.00-1307.00,0.00,0.00
1307.00-1308.00,244736.0,1960000.0
1308.00-1309.00,282624.0,2260000.0
1309.00-1310.00,347136.0,2780000.0
1310.00-1311.00,443392.0,3540000.0
1311.00-1312.00,357376.0,2860000.0
1312.00-1313.00,0.00,0.00
1313.00-1314.00,0.00,0.00
1314.00-1315.00,202752.0,1620000.0
1315.00-1316.00,286720.0,2290000.0
1316.00-1317.00,293888.0,2350000.0
1317.00-1318.00,205824.0,1640000.0
1318.00-1319.00,328704.0,2630000.0
1319.00-1320.00,0.00,0.00
1320.00-1321.00,0.00,0.00
1321.00-1322.00,186368.0,1500000.0
1322.00-1323.00,356352.0,2850000.0
1323.00-1324.00,311296.0,2490000.0
1324.00-1325.00,357376.0,2860000.0
1325.00-1326.00,503808.0,4030000.0000000005
1326.00-1327.00,49254.4,394000.0
1327.00-1328.00,0.00,0.00
1328.00-1329.00,96972.8,777000.0
1329.00-1330.00,307200.0,2460000.0
1330.00-1331.00,486400.0,3890000.0
1331.00-1332.00,367616.0,2940000.0
1332.00-1333.00,405504.0,3240000.0
1333.00-1334.00,192512.0,1540000.0
1334.00-1335.00,0.00,0.00
1335.00-1336.00,0.00,0.00
1336.00-1337.00,279552.0,2240000.0
1337.00-1338.00,510976.0,4090000.0
1338.00-1339.00,524288.0,4190000.0000000005
1339.00-1340.00,420864.0,3370000.0
1340.00-1341.00,290816.0,2330000.0
1341.00-1342.00,0.00,0.00
1342.00-1343.00,0.00,0.00
1343.00-1344.00,163840.0,1310000.0
1344.00-1345.00,210944.0,1690000.0
1345.00-1346.00,285696.0,2280000.0
1346.00-1347.00,168960.0,1360000.0
1347.00-1348.00,220160.0,1760000.0
1348.00-1349.00,0.00,0.00
1349.00-1350.00,0.00,0.00
1350.00-1351.00,102400.0,823000.0
1351.00-1352.00,411648.0,3290000.0
1352.00-1353.00,608256.0,4870000.0
1353.00-1354.00,331776.0,2650000.0
1354.00-1355.00,293888.0,2350000.0
1355.00-1356.00,0.00,0.00
1356.00-1357.00,0.00,0.00
1357.00-1358.00,11571.2,92700.0
1358.00-1359.00,105472.0,846000.0
1359.00-1360.00,235520.0,1890000.0
1360.00-1361.00,402432.0,3220000.0
1361.00-1362.00,111616.0,891000.0
1362.00-1363.00,52121.6,417000.0
1363.00-1364.00,0.00,0.00
1364.00-1365.00,1443.84,11600.0
1365.00-1366.00,289792.0,2320000.0
1366.00-1367.00,273408.0,2190000.0
1367.00-1368.00,402432.0,3220000.0
1368.00-1369.00,380928.0,3050000.0
1369.00-1370.00,136192.0,1090000.0
1370.00-1371.00,0.00,0.00
1371.00-1372.00,0.00,0.00
1372.00-1373.00,256000.0,2049999.9999999998
1373.00-1374.00,413696.0,3310000.0
1374.00-1375.00,437248.0,3500000.0
1375.00-1376.00,363520.0,2910000.0
1376.00-1377.00,143360.0,1150000.0
1377.00-1378.00,0.00,0.00
1378.00-1379.00,0.00,0.00
1379.00-1380.00,182272.0,1460000.0
1380.00-1381.00,105472.0,846000.0
1381.00-1382.00,454656.0,3640000.0
1382.00-1383.00,497664.0,3980000.0
1383.00-1384.00,290816.0,2330000.0
1384.00-1385.00,0.00,0.00
1385.00-1386.00,0.00,0.00
1386.00-1387.00,96972.8,777000.0
1387.00-1388.00,126976.0,1020000.0
1388.00-1389.00,261120.0,2089999.9999999998
1389.00-1390.00,427008.0,3420000.0
1390.00-1391.00,389120.0,3120000.0
1391.00-1392.00,10137.6,81000.0
1392.00-1393.00,0.00,0.00
1393.00-1394.00,104448.0,835000.0
1394.00-1395.00,250880.0,2000000.0
1395.00-1396.00,378880.0,3040000.0
1396.00-1397.00,413696.0,3310000.0
1397.00-1398.00,405504.0,3240000.0
1398.00-1399.00,86835.2,695000.0
1399.00-1400.00,0.00,0.00
1400.00-1401.00,31846.4,255000.0
1401.00-1402.00,214016.0,1710000.0
1402.00-1403.00,376832.0,3010000.0
1403.00-1404.00,483328.0,3870000.0
1404.00-1405.00,289792.0,2320000.0
1405.00-1406.00,151552.0,1220000.0
1406.00-1407.00,0.00,0.00
1407.00-1408.00,0.00,0.00
1408.00-1409.00,109568.0,881000.0
1409.00-1410.00,223232.0,1780000.0
1410.00-1411.00,283648.0,2270000.0
1411.00-1412.00,307200.0,2460000.0
1412.00-1413.00,349184.0,2790000.0
1413.00-1414.00,0.00,0.00
1414.00-1415.00,0.00,0.00
1415.00-1416.00,179200.0,1440000.0
1416.00-1417.00,280576.0,2250000.0
1417.00-1418.00,336896.0,2700000.0
1418.00-1419.00,174080.0,1390000.0
1419.00-1420.00,356352.0,2850000.0
1420.00-1421.00,0.00,0.00
1421.00-1422.00,0.00,0.00
1422.00-1423.00,227328.0,1820000.0
1423.00-1424.00,347136.0,2780000.0
1424.00-1425.00,332800.0,2660000.0
1425.00-1426.00,44851.2,359000.0
1426.00-1427.00,139264.0,1110000.0
1427.00-1428.00,0.00,0.00
1428.00-1429.00,0.00,0.00
1429.00-1430.00,23142.4,186000.0
1430.00-1431.00,56422.4,452000.0
1431.00-1432.00,178176.0,1420000.0
1432.00-1433.00,20275.2,162000.0
1433.00-1434.00,102400.0,823000.0
1434.00-1435.00,18841.6,150000.0
1435.00-1436.00,0.00,0.00
1436.00-1437.00,0.00,0.00
1437.00-1438.00,114688.0,916000.0
1438.00-1439.00,4341.76,34700.0
1439.00-1440.00,59392.0,475000.0
1440.00-1441.00,1443.84,11600.0
1441.00-1442.00,88371.2,706000.0
1442.00-1443.00,0.00,0.00
1443.00-1444.00,0.00,0.00
1444.00-1445.00,66560.0,533000.0
1445.00-1446.00,54988.8,440000.0
1446.00-1447.00,66560.0,533000.0
1447.00-1448.00,202752.0,1620000.0
1448.00-1449.00,164864.0,1320000.0
1449.00-1450.00,0.00,0.00
1450.00-1451.00,0.00,0.00
1451.00-1452.00,0.00,0.00
1452.00-1453.00,107520.0,858000.0
1453.00-1454.00,30412.8,243000.0
1454.00-1455.00,85401.6,684000.0
1455.00-1456.00,37683.2,301000.0
1456.00-1457.00,0.00,0.00
1457.00-1458.00,0.00,0.00
1458.00-1459.00,0.00,0.00
1459.00-1460.00,125952.0,1010000.0
1460.00-1461.00,70963.2,568000.0
1461.00-1462.00,121856.0,973000.0
1462.00-1463.00,69529.6,556000.0
1463.00-1464.00,39116.8,313000.0
1464.00-1465.00,0.00,0.00
1465.00-1466.00,0.00,0.00
1466.00-1467.00,101376.0,812000.0
1467.00-1468.00,75264.0,602000.0
1468.00-1469.00,160768.0,1290000.0
1469.00-1470.00,99942.4,799000.0
1470.00-1471.00,43417.6,347000.0
1471.00-1472.00,0.00,0.00
1472.00-1473.00,0.00,0.00
1473.00-1474.00,81100.8,649000.0
1474.00-1475.00,117760.0,939000.0
1475.00-1476.00,37683.2,301000.0
1476.00-1477.00,98508.8,788000.0
1477.00-1478.00,111616.0,892000.0
1478.00-1479.00,0.00,0.00
1479.00-1480.00,0.00,0.00
1480.00-1481.00,96972.8,777000.0
1481.00-1482.00,46284.8,371000.0
1482.00-1483.00,89804.8,718000.0
1483.00-1484.00,72396.8,579000.0
1484.00-1485.00,102400.0,823000.0
1485.00-1486.00,0.00,0.00
1486.00-1487.00,0.00,0.00
1487.00-1488.00,0.00,0.00
1488.00-1489.00,70963.2,568000.0
1489.00-1490.00,92672.0,741000.0
1490.00-1491.00,198656.0,1590000.0
1491.00-1492.00,96972.8,776000.0
1492.00-1493.00,0.00,0.00
1493.00-1494.00,0.00,0.00
1494.00-1495.00,0.00,0.00
1495.00-1496.00,111616.0,893000.0
1496.00-1497.00,104448.0,834000.0
1497.00-1498.00,125952.0,1010000.0
1498.00-1499.00,5795.84,46300.0
1499.00-1500.00,0.00,0.00
1500.00-1501.00,0.00,0.00
1501.00-1502.00,0.00,0.00
1502.00-1503.00,76697.6,615000.0
1503.00-1504.00,270336.0,2170000.0
1504.00-1505.00,98508.8,787000.0
>>>>>>> adbc8e2aecd1d7e96c6211d9d80f1a8917e6aa1b
1505.00-1506.00,0.00,0.00
1506.00-1507.00,0.00,0.00
1507.00-1508.00,0.00,0.00
1508.00-1509.00,0.00,0.00
1509.00-1510.00,0.00,0.00
<<<<<<< HEAD
1510.00-1511.00,999424.0,997000.0
1511.00-1512.00,463667.2,463000.0
1512.00-1513.00,1286144.0,1290000.0
1513.00-1514.00,243302.4,243000.0
1514.00-1515.00,0.00,0.00
1515.00-1516.00,0.00,0.00
1516.00-1517.00,0.00,0.00
1517.00-1518.00,706969.6,707000.0
1518.00-1519.00,1015808.0,1020000.0
1519.00-1520.00,208896.0,209000.0
1520.00-1521.00,104038.4,104000.0
1521.00-1522.00,0.00,0.00
1522.00-1523.00,0.00,0.00
1523.00-1524.00,0.00,0.00
1524.00-1525.00,613580.8,615000.0
1525.00-1526.00,57917.44,57900.0
1526.00-1527.00,0.00,0.00
1527.00-1528.00,1417216.0,1410000.0
1528.00-1529.00,220364.8,220000.0
1529.00-1530.00,0.00,0.00
1530.00-1531.00,451379.2,452000.0
1531.00-1532.00,463667.2,463000.0
1532.00-1533.00,2285568.0,2280000.0
1533.00-1534.00,324403.2,324000.0
1534.00-1535.00,764313.6,765000.0
1535.00-1536.00,428441.6,428000.0
1536.00-1537.00,0.00,0.00
1537.00-1538.00,0.00,0.00
1538.00-1539.00,876544.0,881000.0
1539.00-1540.00,556236.8,556000.0
1540.00-1541.00,1081344.0,1080000.0
1541.00-1542.00,625868.8,626000.0
1542.00-1543.00,925696.0,927000.0
1543.00-1544.00,0.00,0.00
1544.00-1545.00,0.00,0.00
1545.00-1546.00,0.00,0.00
1546.00-1547.00,2105344.0,2110000.0
1547.00-1548.00,1155072.0,1160000.0
1548.00-1549.00,104038.4,104000.0
1549.00-1550.00,1728512.0,1730000.0
1550.00-1551.00,451379.2,452000.0
1551.00-1552.00,0.00,0.00
1552.00-1553.00,0.00,0.00
1553.00-1554.00,1155072.0,1160000.0
1554.00-1555.00,1630208.0,1630000.0
1555.00-1556.00,648806.4,649000.0
1556.00-1557.00,917504.0,915000.0
1557.00-1558.00,428441.6,429000.0
1558.00-1559.00,1474560.0,1470000.0
1559.00-1560.00,394035.2,394000.0
1560.00-1561.00,1056768.0,1050000.0
1561.00-1562.00,741376.0,741000.0
1562.00-1563.00,243302.4,243000.0
1563.00-1564.00,648806.4,649000.0
1564.00-1565.00,231833.6,232000.0
1565.00-1566.00,11550.72,11600.0
1566.00-1567.00,475136.0,475000.0
1567.00-1568.00,301465.6,301000.0
1568.00-1569.00,92569.6,92600.0
1569.00-1570.00,0.00,0.00
1570.00-1571.00,1204224.0,1210000.0
1571.00-1572.00,1368064.0,1370000.0
1572.00-1573.00,602112.0,602000.0
1573.00-1574.00,1294336.0,1300000.0
1574.00-1575.00,637337.6,637000.0
1575.00-1576.00,0.00,0.00
1576.00-1577.00,0.00,0.00
1577.00-1578.00,0.00,0.00
1578.00-1579.00,428441.6,429000.0
1579.00-1580.00,1015808.0,1020000.0
1580.00-1581.00,0.00,0.00
1581.00-1582.00,925696.0,928000.0
1582.00-1583.00,625868.8,625000.0
1583.00-1584.00,0.00,0.00
1584.00-1585.00,0.00,0.00
1585.00-1586.00,950272.0,951000.0
1586.00-1587.00,1728512.0,1730000.0
1587.00-1588.00,1146880.0,1150000.0
1588.00-1589.00,358809.6,359000.0
1589.00-1590.00,370278.4,371000.0
1590.00-1591.00,0.00,0.00
1591.00-1592.00,0.00,0.00
1592.00-1593.00,0.00,0.00
1593.00-1594.00,1318912.0,1320000.0
1594.00-1595.00,127795.2,127000.0
1595.00-1596.00,983040.0,985000.0
1596.00-1597.00,741376.0,741000.0
=======
1510.00-1511.00,124928.0,997000.0
1511.00-1512.00,57958.4,463000.0
1512.00-1513.00,160768.0,1290000.0
1513.00-1514.00,30412.8,243000.0
1514.00-1515.00,0.00,0.00
1515.00-1516.00,0.00,0.00
1516.00-1517.00,0.00,0.00
1517.00-1518.00,88371.2,707000.0
1518.00-1519.00,126976.0,1020000.0
1519.00-1520.00,26112.0,209000.0
1520.00-1521.00,13004.8,104000.0
1521.00-1522.00,0.00,0.00
1522.00-1523.00,0.00,0.00
1523.00-1524.00,0.00,0.00
1524.00-1525.00,76697.6,615000.0
1525.00-1526.00,7239.68,57900.0
1526.00-1527.00,0.00,0.00
1527.00-1528.00,177152.0,1410000.0
1528.00-1529.00,27545.6,220000.0
1529.00-1530.00,0.00,0.00
1530.00-1531.00,56422.4,452000.0
1531.00-1532.00,57958.4,463000.0
1532.00-1533.00,285696.0,2280000.0
1533.00-1534.00,40550.4,324000.0
1534.00-1535.00,95539.2,765000.0
1535.00-1536.00,53555.2,428000.0
1536.00-1537.00,0.00,0.00
1537.00-1538.00,0.00,0.00
1538.00-1539.00,109568.0,881000.0
1539.00-1540.00,69529.6,556000.0
1540.00-1541.00,135168.0,1080000.0
1541.00-1542.00,78233.6,626000.0
1542.00-1543.00,115712.0,927000.0
1543.00-1544.00,0.00,0.00
1544.00-1545.00,0.00,0.00
1545.00-1546.00,0.00,0.00
1546.00-1547.00,263168.0,2110000.0
1547.00-1548.00,144384.0,1160000.0
1548.00-1549.00,13004.8,104000.0
1549.00-1550.00,216064.0,1730000.0
1550.00-1551.00,56422.4,452000.0
1551.00-1552.00,0.00,0.00
1552.00-1553.00,0.00,0.00
1553.00-1554.00,144384.0,1160000.0
1554.00-1555.00,203776.0,1630000.0
1555.00-1556.00,81100.8,649000.0
1556.00-1557.00,114688.0,915000.0
1557.00-1558.00,53555.2,429000.0
1558.00-1559.00,184320.0,1470000.0
1559.00-1560.00,49254.4,394000.0
1560.00-1561.00,132096.0,1050000.0
1561.00-1562.00,92672.0,741000.0
1562.00-1563.00,30412.8,243000.0
1563.00-1564.00,81100.8,649000.0
1564.00-1565.00,28979.2,232000.0
1565.00-1566.00,1443.84,11600.0
1566.00-1567.00,59392.0,475000.0
1567.00-1568.00,37683.2,301000.0
1568.00-1569.00,11571.2,92600.0
1569.00-1570.00,0.00,0.00
1570.00-1571.00,150528.0,1210000.0
1571.00-1572.00,171008.0,1370000.0
1572.00-1573.00,75264.0,602000.0
1573.00-1574.00,161792.0,1300000.0
1574.00-1575.00,79667.2,637000.0
1575.00-1576.00,0.00,0.00
1576.00-1577.00,0.00,0.00
1577.00-1578.00,0.00,0.00
1578.00-1579.00,53555.2,429000.0
1579.00-1580.00,126976.0,1020000.0
1580.00-1581.00,0.00,0.00
1581.00-1582.00,115712.0,928000.0
1582.00-1583.00,78233.6,625000.0
1583.00-1584.00,0.00,0.00
1584.00-1585.00,0.00,0.00
1585.00-1586.00,118784.0,951000.0
1586.00-1587.00,216064.0,1730000.0
1587.00-1588.00,143360.0,1150000.0
1588.00-1589.00,44851.2,359000.0
1589.00-1590.00,46284.8,371000.0
1590.00-1591.00,0.00,0.00
1591.00-1592.00,0.00,0.00
1592.00-1593.00,0.00,0.00
1593.00-1594.00,164864.0,1320000.0
1594.00-1595.00,15974.4,127000.0
1595.00-1596.00,122880.0,985000.0
1596.00-1597.00,92672.0,741000.0
>>>>>>> adbc8e2aecd1d7e96c6211d9d80f1a8917e6aa1b
1597.00-1598.00,0.00,0.00
1598.00-1599.00,0.00,0.00
1599.00-1600.00,0.00,0.00
1600.00-1601.00,0.00,0.00
<<<<<<< HEAD
1601.00-1602.00,11550.72,11600.0
1602.00-1603.00,1146880.0,1150000.0
1603.00-1604.00,579174.4,579000.0
1604.00-1605.00,416972.8,417000.0
1605.00-1606.00,0.00,0.00
1606.00-1607.00,0.00,0.00
1607.00-1608.00,1212416.0,1220000.0
1608.00-1609.00,1548288.0,1550000.0
1609.00-1610.00,729907.2,730000.0
1610.00-1611.00,358809.6,359000.0
1611.00-1612.00,439910.4,440000.0
=======
1601.00-1602.00,1443.84,11600.0
1602.00-1603.00,143360.0,1150000.0
1603.00-1604.00,72396.8,579000.0
1604.00-1605.00,52121.6,417000.0
1605.00-1606.00,0.00,0.00
1606.00-1607.00,0.00,0.00
1607.00-1608.00,151552.0,1220000.0
1608.00-1609.00,193536.0,1550000.0
1609.00-1610.00,91238.4,730000.0
1610.00-1611.00,44851.2,359000.0
1611.00-1612.00,54988.8,440000.0
>>>>>>> adbc8e2aecd1d7e96c6211d9d80f1a8917e6aa1b
1612.00-1613.00,0.00,0.00
1613.00-1614.00,0.00,0.00
1614.00-1615.00,0.00,0.00
1615.00-1616.00,0.00,0.00
<<<<<<< HEAD
1616.00-1617.00,521011.2,522000.0
1617.00-1618.00,521011.2,521000.0
1618.00-1619.00,358809.6,359000.0
1619.00-1620.00,0.00,0.00
1620.00-1621.00,0.00,0.00
1621.00-1622.00,405504.0,406000.0
1622.00-1623.00,416972.8,417000.0
1623.00-1624.00,860160.0,857000.0
1624.00-1625.00,405504.0,405000.0
1625.00-1626.00,694681.6,695000.0
1626.00-1627.00,0.00,0.00
1627.00-1628.00,0.00,0.00
1628.00-1629.00,0.00,0.00
1629.00-1630.00,57917.44,58000.0
1630.00-1631.00,0.00,0.00
1631.00-1632.00,925696.0,928000.0
1632.00-1633.00,428441.6,429000.0
1633.00-1634.00,69468.16,69400.0
1634.00-1635.00,0.00,0.00
1635.00-1636.00,590643.2,591000.0
1636.00-1637.00,115507.2,116000.0
1637.00-1638.00,498073.6,498000.0
1638.00-1639.00,150732.8,151000.0
1639.00-1640.00,567705.6,568000.0
1640.00-1641.00,394035.2,394000.0
1641.00-1642.00,0.00,0.00
1642.00-1643.00,0.00,0.00
1643.00-1644.00,764313.6,765000.0
1644.00-1645.00,892928.0,892000.0
1645.00-1646.00,34734.08,34800.0
1646.00-1647.00,475136.0,475000.0
1647.00-1648.00,243302.4,243000.0
1648.00-1649.00,0.00,0.00
1649.00-1650.00,0.00,0.00
1650.00-1651.00,1236992.0,1240000.0
1651.00-1652.00,660275.2,660000.0
1652.00-1653.00,439910.4,440000.0
1653.00-1654.00,486604.8,487000.0
1654.00-1655.00,254771.2,255000.0
1655.00-1656.00,0.00,0.00
1656.00-1657.00,0.00,0.00
1657.00-1658.00,0.00,0.00
1658.00-1659.00,1040384.0,1040000.0
1659.00-1660.00,1081344.0,1080000.0
1660.00-1661.00,590643.2,591000.0
1661.00-1662.00,2883584.0,2880000.0
1662.00-1663.00,277708.8,278000.0
1663.00-1664.00,0.00,0.00
1664.00-1665.00,0.00,0.00
1665.00-1666.00,150732.8,151000.0
1666.00-1667.00,1318912.0,1320000.0
1667.00-1668.00,764313.6,765000.0
1668.00-1669.00,324403.2,324000.0
1669.00-1670.00,115507.2,116000.0
=======
1616.00-1617.00,65126.4,522000.0
1617.00-1618.00,65126.4,521000.0
1618.00-1619.00,44851.2,359000.0
1619.00-1620.00,0.00,0.00
1620.00-1621.00,0.00,0.00
1621.00-1622.00,50688.0,406000.0
1622.00-1623.00,52121.6,417000.0
1623.00-1624.00,107520.0,857000.0
1624.00-1625.00,50688.0,405000.0
1625.00-1626.00,86835.2,695000.0
1626.00-1627.00,0.00,0.00
1627.00-1628.00,0.00,0.00
1628.00-1629.00,0.00,0.00
1629.00-1630.00,7239.68,58000.0
1630.00-1631.00,0.00,0.00
1631.00-1632.00,115712.0,928000.0
1632.00-1633.00,53555.2,429000.0
1633.00-1634.00,8683.52,69400.0
1634.00-1635.00,0.00,0.00
1635.00-1636.00,73830.4,591000.0
1636.00-1637.00,14438.4,116000.0
1637.00-1638.00,62259.2,498000.0
1638.00-1639.00,18841.6,151000.0
1639.00-1640.00,70963.2,568000.0
1640.00-1641.00,49254.4,394000.0
1641.00-1642.00,0.00,0.00
1642.00-1643.00,0.00,0.00
1643.00-1644.00,95539.2,765000.0
1644.00-1645.00,111616.0,892000.0
1645.00-1646.00,4341.76,34800.0
1646.00-1647.00,59392.0,475000.0
1647.00-1648.00,30412.8,243000.0
1648.00-1649.00,0.00,0.00
1649.00-1650.00,0.00,0.00
1650.00-1651.00,154624.0,1240000.0
1651.00-1652.00,82534.4,660000.0
1652.00-1653.00,54988.8,440000.0
1653.00-1654.00,60825.6,487000.0
1654.00-1655.00,31846.4,255000.0
1655.00-1656.00,0.00,0.00
1656.00-1657.00,0.00,0.00
1657.00-1658.00,0.00,0.00
1658.00-1659.00,130048.0,1040000.0
1659.00-1660.00,135168.0,1080000.0
1660.00-1661.00,73830.4,591000.0
1661.00-1662.00,360448.0,2880000.0
1662.00-1663.00,34713.6,278000.0
1663.00-1664.00,0.00,0.00
1664.00-1665.00,0.00,0.00
1665.00-1666.00,18841.6,151000.0
1666.00-1667.00,164864.0,1320000.0
1667.00-1668.00,95539.2,765000.0
1668.00-1669.00,40550.4,324000.0
1669.00-1670.00,14438.4,116000.0
>>>>>>> adbc8e2aecd1d7e96c6211d9d80f1a8917e6aa1b
1670.00-1671.00,0.00,0.00
1671.00-1672.00,0.00,0.00
1672.00-1673.00,0.00,0.00
1673.00-1674.00,0.00,0.00
<<<<<<< HEAD
1674.00-1675.00,1146880.0,1150000.0
1675.00-1676.00,567705.6,567000.0
1676.00-1677.00,324403.2,324000.0
1677.00-1678.00,0.00,0.00
1678.00-1679.00,0.00,0.00
1679.00-1680.00,567705.6,568000.0
1680.00-1681.00,1261568.0,1260000.0
1681.00-1682.00,579174.4,579000.0
1682.00-1683.00,1056768.0,1050000.0
1683.00-1684.00,428441.6,429000.0
1684.00-1685.00,0.00,0.00
1685.00-1686.00,0.00,0.00
1686.00-1687.00,764313.6,765000.0
1687.00-1688.00,706969.6,707000.0
1688.00-1689.00,860160.0,857000.0
1689.00-1690.00,2015232.0,2020000.0
1690.00-1691.00,660275.2,660000.0
1691.00-1692.00,11550.72,11600.0
1692.00-1693.00,0.00,0.00
1693.00-1694.00,162201.6,162000.0
1694.00-1695.00,764313.6,765000.0
1695.00-1696.00,1515520.0,1520000.0
1696.00-1697.00,1032192.0,1030000.0
1697.00-1698.00,1294336.0,1300000.0
1698.00-1699.00,69468.16,69400.0
1699.00-1700.00,0.00,0.00
1700.00-1701.00,0.00,0.00
1701.00-1702.00,764313.6,765000.0
1702.00-1703.00,1490944.0,1490000.0
1703.00-1704.00,347340.8,348000.0
1704.00-1705.00,69468.16,69400.0
=======
1674.00-1675.00,143360.0,1150000.0
1675.00-1676.00,70963.2,567000.0
1676.00-1677.00,40550.4,324000.0
1677.00-1678.00,0.00,0.00
1678.00-1679.00,0.00,0.00
1679.00-1680.00,70963.2,568000.0
1680.00-1681.00,157696.0,1260000.0
1681.00-1682.00,72396.8,579000.0
1682.00-1683.00,132096.0,1050000.0
1683.00-1684.00,53555.2,429000.0
1684.00-1685.00,0.00,0.00
1685.00-1686.00,0.00,0.00
1686.00-1687.00,95539.2,765000.0
1687.00-1688.00,88371.2,707000.0
1688.00-1689.00,107520.0,857000.0
1689.00-1690.00,251904.0,2020000.0
1690.00-1691.00,82534.4,660000.0
1691.00-1692.00,1443.84,11600.0
1692.00-1693.00,0.00,0.00
1693.00-1694.00,20275.2,162000.0
1694.00-1695.00,95539.2,765000.0
1695.00-1696.00,189440.0,1520000.0
1696.00-1697.00,129024.0,1030000.0
1697.00-1698.00,161792.0,1300000.0
1698.00-1699.00,8683.52,69400.0
1699.00-1700.00,0.00,0.00
1700.00-1701.00,0.00,0.00
1701.00-1702.00,95539.2,765000.0
1702.00-1703.00,186368.0,1490000.0
1703.00-1704.00,43417.6,348000.0
1704.00-1705.00,8683.52,69400.0
>>>>>>> adbc8e2aecd1d7e96c6211d9d80f1a8917e6aa1b
1705.00-1706.00,0.00,0.00
1706.00-1707.00,0.00,0.00
1707.00-1708.00,0.00,0.00
1708.00-1709.00,0.00,0.00
<<<<<<< HEAD
1709.00-1710.00,1540096.0,1540000.0
1710.00-1711.00,57917.44,57900.0
1711.00-1712.00,34734.08,34800.0
1712.00-1713.00,335872.0,336000.0
1713.00-1714.00,0.00,0.00
1714.00-1715.00,0.00,0.00
1715.00-1716.00,1368064.0,1370000.0
1716.00-1717.00,301465.6,301000.0
1717.00-1718.00,127795.2,127000.0
1718.00-1719.00,1032192.0,1030000.0
1719.00-1720.00,3825664.0,3820000.0
1720.00-1721.00,0.00,0.00
1721.00-1722.00,0.00,0.00
1722.00-1723.00,1228800.0,1230000.0
1723.00-1724.00,3522560.0,3520000.0
1724.00-1725.00,3301376.0,3300000.0
1725.00-1726.00,3383296.0,3380000.0
1726.00-1727.00,3252224.0,3260000.0
1727.00-1728.00,602112.0,602000.0
1728.00-1729.00,0.00,0.00
1729.00-1730.00,648806.4,649000.0
1730.00-1731.00,2957312.0,2950000.0
1731.00-1732.00,2990080.0,2990000.0
1732.00-1733.00,2211840.0,2210000.0
1733.00-1734.00,2621440.0,2620000.0
1734.00-1735.00,1589248.0,1590000.0
1735.00-1736.00,0.00,0.00
1736.00-1737.00,0.00,0.00
1737.00-1738.00,2621440.0,2620000.0
1738.00-1739.00,3743744.0,3740000.0
1739.00-1740.00,2932736.0,2930000.0
1740.00-1741.00,4120576.0,4120000.0
1741.00-1742.00,1761280.0,1760000.0
1742.00-1743.00,0.00,0.00
1743.00-1744.00,0.00,0.00
1744.00-1745.00,860160.0,858000.0
1745.00-1746.00,3702784.0,3710000.0
1746.00-1747.00,1990656.0,1990000.0
1747.00-1748.00,4112384.0,4110000.0000000005
1748.00-1749.00,2596864.0,2590000.0
1749.00-1750.00,0.00,0.00
1750.00-1751.00,0.00,0.00
1751.00-1752.00,1425408.0,1430000.0
1752.00-1753.00,3522560.0,3520000.0
1753.00-1754.00,3080192.0,3080000.0
1754.00-1755.00,2654208.0,2650000.0
1755.00-1756.00,3579904.0,3580000.0
1756.00-1757.00,81100.8,81000.0
1757.00-1758.00,0.00,0.00
1758.00-1759.00,1212416.0,1220000.0
1759.00-1760.00,2326528.0,2330000.0
1760.00-1761.00,3825664.0,3820000.0
1761.00-1762.00,3268608.0,3270000.0
1762.00-1763.00,2998272.0,3000000.0
1763.00-1764.00,729907.2,729000.0
1764.00-1765.00,0.00,0.00
1765.00-1766.00,694681.6,696000.0
1766.00-1767.00,2686976.0,2690000.0
1767.00-1768.00,3235840.0,3230000.0
1768.00-1769.00,3571712.0,3570000.0
1769.00-1770.00,2342912.0,2340000.0
1770.00-1771.00,1114112.0,1110000.0
1771.00-1772.00,0.00,0.00
1772.00-1773.00,0.00,0.00
1773.00-1774.00,1212416.0,1220000.0
1774.00-1775.00,602112.0,602000.0
1775.00-1776.00,1818624.0,1820000.0
1776.00-1777.00,115507.2,116000.0
1777.00-1778.00,1114112.0,1110000.0
1778.00-1779.00,0.00,0.00
1779.00-1780.00,0.00,0.00
1780.00-1781.00,942080.0,939000.0
1781.00-1782.00,1474560.0,1470000.0
1782.00-1783.00,3211264.0,3210000.0
1783.00-1784.00,3153920.0,3150000.0
1784.00-1785.00,2637824.0,2640000.0
1785.00-1786.00,0.00,0.00
1786.00-1787.00,0.00,0.00
1787.00-1788.00,1736704.0,1740000.0
1788.00-1789.00,3670016.0,3670000.0
1789.00-1790.00,3055616.0,3060000.0
1790.00-1791.00,3588096.0,3590000.0
1791.00-1792.00,3727360.0,3730000.0
1792.00-1793.00,266240.0,266000.0
1793.00-1794.00,0.00,0.00
1794.00-1795.00,741376.0,742000.0
1795.00-1796.00,2105344.0,2110000.0
1796.00-1797.00,1794048.0,1800000.0
1797.00-1798.00,3276800.0,3280000.0
1798.00-1799.00,5955584.0,5950000.0
1799.00-1800.00,2424832.0,2420000.0
1800.00-1801.00,0.00,0.00
1801.00-1802.00,868352.0,870000.0
=======
1709.00-1710.00,192512.0,1540000.0
1710.00-1711.00,7239.68,57900.0
1711.00-1712.00,4341.76,34800.0
1712.00-1713.00,41984.0,336000.0
1713.00-1714.00,0.00,0.00
1714.00-1715.00,0.00,0.00
1715.00-1716.00,171008.0,1370000.0
1716.00-1717.00,37683.2,301000.0
1717.00-1718.00,15974.4,127000.0
1718.00-1719.00,129024.0,1030000.0
1719.00-1720.00,478208.0,3820000.0
1720.00-1721.00,0.00,0.00
1721.00-1722.00,0.00,0.00
1722.00-1723.00,153600.0,1230000.0
1723.00-1724.00,440320.0,3520000.0
1724.00-1725.00,412672.0,3300000.0
1725.00-1726.00,422912.0,3380000.0
1726.00-1727.00,406528.0,3260000.0
1727.00-1728.00,75264.0,602000.0
1728.00-1729.00,0.00,0.00
1729.00-1730.00,81100.8,649000.0
1730.00-1731.00,369664.0,2950000.0
1731.00-1732.00,373760.0,2990000.0
1732.00-1733.00,276480.0,2210000.0
1733.00-1734.00,327680.0,2620000.0
1734.00-1735.00,198656.0,1590000.0
1735.00-1736.00,0.00,0.00
1736.00-1737.00,0.00,0.00
1737.00-1738.00,327680.0,2620000.0
1738.00-1739.00,467968.0,3740000.0
1739.00-1740.00,366592.0,2930000.0
1740.00-1741.00,515072.0,4120000.0
1741.00-1742.00,220160.0,1760000.0
1742.00-1743.00,0.00,0.00
1743.00-1744.00,0.00,0.00
1744.00-1745.00,107520.0,858000.0
1745.00-1746.00,462848.0,3710000.0
1746.00-1747.00,248832.0,1990000.0
1747.00-1748.00,514048.0,4110000.0000000005
1748.00-1749.00,324608.0,2590000.0
1749.00-1750.00,0.00,0.00
1750.00-1751.00,0.00,0.00
1751.00-1752.00,178176.0,1430000.0
1752.00-1753.00,440320.0,3520000.0
1753.00-1754.00,385024.0,3080000.0
1754.00-1755.00,331776.0,2650000.0
1755.00-1756.00,447488.0,3580000.0
1756.00-1757.00,10137.6,81000.0
1757.00-1758.00,0.00,0.00
1758.00-1759.00,151552.0,1220000.0
1759.00-1760.00,290816.0,2330000.0
1760.00-1761.00,478208.0,3820000.0
1761.00-1762.00,408576.0,3270000.0
1762.00-1763.00,374784.0,3000000.0
1763.00-1764.00,91238.4,729000.0
1764.00-1765.00,0.00,0.00
1765.00-1766.00,86835.2,696000.0
1766.00-1767.00,335872.0,2690000.0
1767.00-1768.00,404480.0,3230000.0
1768.00-1769.00,446464.0,3570000.0
1769.00-1770.00,292864.0,2340000.0
1770.00-1771.00,139264.0,1110000.0
1771.00-1772.00,0.00,0.00
1772.00-1773.00,0.00,0.00
1773.00-1774.00,151552.0,1220000.0
1774.00-1775.00,75264.0,602000.0
1775.00-1776.00,227328.0,1820000.0
1776.00-1777.00,14438.4,116000.0
1777.00-1778.00,139264.0,1110000.0
1778.00-1779.00,0.00,0.00
1779.00-1780.00,0.00,0.00
1780.00-1781.00,117760.0,939000.0
1781.00-1782.00,184320.0,1470000.0
1782.00-1783.00,401408.0,3210000.0
1783.00-1784.00,394240.0,3150000.0
1784.00-1785.00,329728.0,2640000.0
1785.00-1786.00,0.00,0.00
1786.00-1787.00,0.00,0.00
1787.00-1788.00,217088.0,1740000.0
1788.00-1789.00,458752.0,3670000.0
1789.00-1790.00,381952.0,3060000.0
1790.00-1791.00,448512.0,3590000.0
1791.00-1792.00,465920.0,3730000.0
1792.00-1793.00,33280.0,266000.0
1793.00-1794.00,0.00,0.00
1794.00-1795.00,92672.0,742000.0
1795.00-1796.00,263168.0,2110000.0
1796.00-1797.00,224256.0,1800000.0
1797.00-1798.00,409600.0,3280000.0
1798.00-1799.00,744448.0,5950000.0
1799.00-1800.00,303104.0,2420000.0
1800.00-1801.00,0.00,0.00
1801.00-1802.00,108544.0,870000.0
>>>>>>> adbc8e2aecd1d7e96c6211d9d80f1a8917e6aa1b
1802.00-1803.00,0.00,0.00
1803.00-1803.53,0.00,0.00
